representation_family,model,label_col,n_representations,representations,accuracy_family_mean,accuracy_family_std,accuracy_family_min,accuracy_family_max,balanced_accuracy_family_mean,balanced_accuracy_family_std,balanced_accuracy_family_min,balanced_accuracy_family_max,macro_f1_family_mean,macro_f1_family_std,macro_f1_family_min,macro_f1_family_max,weighted_f1_family_mean,weighted_f1_family_std,weighted_f1_family_min,weighted_f1_family_max
matrisome_pca,dense_mlp,tissue,1,matrisome_pca9,0.9603259485612426,0.0,0.9603259485612426,0.9603259485612426,0.9575979581935548,0.0,0.9575979581935548,0.9575979581935548,0.9474768753031565,0.0,0.9474768753031565,0.9474768753031565,0.9607930139629219,0.0,0.9607930139629219,0.9607930139629219
curated_ecm,dense_mlp,tissue,1,curated_9_ecm_programs,0.9348612172141584,0.0,0.9348612172141584,0.9348612172141584,0.9277817702248082,0.0,0.9277817702248082,0.9277817702248082,0.9107029884696335,0.0,0.9107029884696335,0.9107029884696335,0.9362733033597163,0.0,0.9362733033597163,0.9362733033597163
random_matrisome,dense_mlp,tissue,10,random_matrisome_programs_r1; random_matrisome_programs_r10; random_matrisome_programs_r2; random_matrisome_programs_r3; random_matrisome_programs_r4; random_matrisome_programs_r5; random_matrisome_programs_r6; random_matrisome_programs_r7; random_matrisome_programs_r8; random_matrisome_programs_r9,0.8778915202444614,0.015194012895386569,0.8568882098293862,0.9071046600458365,0.8729501645853028,0.014231068710938424,0.8502280303237338,0.897651506846309,0.8405904619734089,0.019048247051275613,0.8184919551593011,0.8726010955353667,0.8811353137008927,0.014777462261617528,0.8610462009760061,0.9093373826226419
random_non_ecm,dense_mlp,tissue,10,random_non_ecm_programs_r1; random_non_ecm_programs_r10; random_non_ecm_programs_r2; random_non_ecm_programs_r3; random_non_ecm_programs_r4; random_non_ecm_programs_r5; random_non_ecm_programs_r6; random_non_ecm_programs_r7; random_non_ecm_programs_r8; random_non_ecm_programs_r9,0.6136287242169596,0.03066931648451333,0.5590527119938884,0.661624649859944,0.6078611913896392,0.028953446255428308,0.5472308056631203,0.6477903061498691,0.5461853376812482,0.028785355837501043,0.4899678379898555,0.5878367731625145,0.6273195974212978,0.029020713624400864,0.5800814304128558,0.6759969386826346
matrisome_pca,extra_trees,tissue,1,matrisome_pca9,0.9547237076648841,0.0,0.9547237076648841,0.9547237076648841,0.9349619825529366,0.0,0.9349619825529366,0.9349619825529366,0.9384824426243664,0.0,0.9384824426243664,0.9384824426243664,0.9544566220383859,0.0,0.9544566220383859,0.9544566220383859
curated_ecm,extra_trees,tissue,1,curated_9_ecm_programs,0.9170868347338936,0.0,0.9170868347338936,0.9170868347338936,0.869294181728024,0.0,0.869294181728024,0.869294181728024,0.8754028211714647,0.0,0.8754028211714647,0.8754028211714647,0.914288381468763,0.0,0.914288381468763,0.914288381468763
random_matrisome,extra_trees,tissue,10,random_matrisome_programs_r1; random_matrisome_programs_r10; random_matrisome_programs_r2; random_matrisome_programs_r3; random_matrisome_programs_r4; random_matrisome_programs_r5; random_matrisome_programs_r6; random_matrisome_programs_r7; random_matrisome_programs_r8; random_matrisome_programs_r9,0.8741023682200153,0.012028090034155652,0.858314234784823,0.8974789915966387,0.8264036582369906,0.017595650449424648,0.8009332674373526,0.8551962267114602,0.8307048135149276,0.018060865082317946,0.8045805296142134,0.8611205417065129,0.8721048729409551,0.011893778984315295,0.8579927047124762,0.8952141560091393
random_non_ecm,extra_trees,tissue,10,random_non_ecm_programs_r1; random_non_ecm_programs_r10; random_non_ecm_programs_r2; random_non_ecm_programs_r3; random_non_ecm_programs_r4; random_non_ecm_programs_r5; random_non_ecm_programs_r6; random_non_ecm_programs_r7; random_non_ecm_programs_r8; random_non_ecm_programs_r9,0.6545352686529158,0.027237634695950648,0.6071810542398778,0.7000254647313471,0.5642314209614334,0.028062561355743004,0.509894052080065,0.5990328355574066,0.554631341532589,0.028079289846463386,0.4992185166463445,0.5926910228643834,0.6466604217097125,0.026253646407774195,0.6017423705122662,0.6931232256792272
matrisome_pca,ft_transformer_lite,tissue,1,matrisome_pca9,0.9505984211866565,0.0,0.9505984211866565,0.9505984211866565,0.9442545647427784,0.0,0.9442545647427784,0.9442545647427784,0.9315749201745733,0.0,0.9315749201745733,0.9315749201745733,0.9513420081506169,0.0,0.9513420081506169,0.9513420081506169
curated_ecm,ft_transformer_lite,tissue,1,curated_9_ecm_programs,0.9135217723453017,0.0,0.9135217723453017,0.9135217723453017,0.9051985825028964,0.0,0.9051985825028964,0.9051985825028964,0.8816015516179808,0.0,0.8816015516179808,0.8816015516179808,0.916578382730005,0.0,0.916578382730005,0.916578382730005
random_matrisome,ft_transformer_lite,tissue,10,random_matrisome_programs_r1; random_matrisome_programs_r10; random_matrisome_programs_r2; random_matrisome_programs_r3; random_matrisome_programs_r4; random_matrisome_programs_r5; random_matrisome_programs_r6; random_matrisome_programs_r7; random_matrisome_programs_r8; random_matrisome_programs_r9,0.8556455309396485,0.017432065188376103,0.8240387063916476,0.8898395721925134,0.8537840979512019,0.012038348394559889,0.8354235764043565,0.8720831401066824,0.8148126373977682,0.017863167736571876,0.7904403882068722,0.8491500646156569,0.8599147530956082,0.01674027866253431,0.8301322528673083,0.8918813309612936
random_non_ecm,ft_transformer_lite,tissue,10,random_non_ecm_programs_r1; random_non_ecm_programs_r10; random_non_ecm_programs_r2; random_non_ecm_programs_r3; random_non_ecm_programs_r4; random_non_ecm_programs_r5; random_non_ecm_programs_r6; random_non_ecm_programs_r7; random_non_ecm_programs_r8; random_non_ecm_programs_r9,0.5967405143875731,0.02951355112590688,0.5452508276037688,0.638961038961039,0.5935434240589503,0.029857981765572104,0.533535653444843,0.6299734985570515,0.531940134999618,0.028165606549425192,0.4771600702650714,0.566735968626582,0.6119947179114862,0.029134589722929205,0.5643028001333491,0.6560756044732357
matrisome_pca,logistic_regression,tissue,1,matrisome_pca9,0.9395976572447161,0.0,0.9395976572447161,0.9395976572447161,0.9330362761378973,0.0,0.9330362761378973,0.9330362761378973,0.9162071479033835,0.0,0.9162071479033835,0.9162071479033835,0.9405622293329146,0.0,0.9405622293329146,0.9405622293329146
curated_ecm,logistic_regression,tissue,1,curated_9_ecm_programs,0.8647313470842883,0.0,0.8647313470842883,0.8647313470842883,0.8609026441353637,0.0,0.8609026441353637,0.8609026441353637,0.8292325455376529,0.0,0.8292325455376529,0.8292325455376529,0.8692944479291563,0.0,0.8692944479291563,0.8692944479291563
random_matrisome,logistic_regression,tissue,10,random_matrisome_programs_r1; random_matrisome_programs_r10; random_matrisome_programs_r2; random_matrisome_programs_r3; random_matrisome_programs_r4; random_matrisome_programs_r5; random_matrisome_programs_r6; random_matrisome_programs_r7; random_matrisome_programs_r8; random_matrisome_programs_r9,0.7825872167048638,0.026590539750975233,0.739597657244716,0.8329513623631272,0.8001396222193538,0.016644444960176405,0.7770059604028806,0.8342709742534314,0.742459796433821,0.02263005676208224,0.7051478992675448,0.7905896187219785,0.7894742124382168,0.025821238524284397,0.748479707306821,0.8369314708110098
random_non_ecm,logistic_regression,tissue,10,random_non_ecm_programs_r1; random_non_ecm_programs_r10; random_non_ecm_programs_r2; random_non_ecm_programs_r3; random_non_ecm_programs_r4; random_non_ecm_programs_r5; random_non_ecm_programs_r6; random_non_ecm_programs_r7; random_non_ecm_programs_r8; random_non_ecm_programs_r9,0.5099668958492488,0.034016396246677384,0.46610644257703077,0.5766233766233766,0.5400558628457885,0.028281485665719683,0.48216601995596786,0.5802756371978225,0.4664092456774401,0.027528689737982125,0.42092117999864864,0.5136676842078248,0.5195676563885898,0.03598743577438615,0.473359094803753,0.5856185780127593
matrisome_pca,residual_mlp,tissue,1,matrisome_pca9,0.9558950853068499,0.0,0.9558950853068499,0.9558950853068499,0.9552342407234573,0.0,0.9552342407234573,0.9552342407234573,0.9412143439174112,0.0,0.9412143439174112,0.9412143439174112,0.9567744361495976,0.0,0.9567744361495976,0.9567744361495976
curated_ecm,residual_mlp,tissue,1,curated_9_ecm_programs,0.9293099057804941,0.0,0.9293099057804941,0.9293099057804941,0.9249258006752822,0.0,0.9249258006752822,0.9249258006752822,0.9044100626514675,0.0,0.9044100626514675,0.9044100626514675,0.9310450375002144,0.0,0.9310450375002144,0.9310450375002144
random_matrisome,residual_mlp,tissue,10,random_matrisome_programs_r1; random_matrisome_programs_r10; random_matrisome_programs_r2; random_matrisome_programs_r3; random_matrisome_programs_r4; random_matrisome_programs_r5; random_matrisome_programs_r6; random_matrisome_programs_r7; random_matrisome_programs_r8; random_matrisome_programs_r9,0.8726814362108481,0.014411930229060175,0.8536287242169595,0.9007894066717596,0.867683616471477,0.013135393672549294,0.8458055637482829,0.8889487033516106,0.833695765829481,0.01690877451625857,0.8124510915122807,0.8613238504450076,0.8762925574953888,0.013983946623319103,0.858602422516752,0.9032767234278867
random_non_ecm,residual_mlp,tissue,10,random_non_ecm_programs_r1; random_non_ecm_programs_r10; random_non_ecm_programs_r2; random_non_ecm_programs_r3; random_non_ecm_programs_r4; random_non_ecm_programs_r5; random_non_ecm_programs_r6; random_non_ecm_programs_r7; random_non_ecm_programs_r8; random_non_ecm_programs_r9,0.606768525592055,0.031296438272228326,0.5545709192768017,0.6519480519480518,0.5990689499479416,0.029319848628421283,0.5404115647480066,0.6357527579766898,0.5405665735912711,0.029215209518844584,0.48548679229564395,0.5769481223560924,0.6223378084964251,0.029285999390839618,0.5765546762181228,0.6680834379380634
matrisome_pca,tabicl,tissue,1,matrisome_pca9,0.9668449197860962,0.0,0.9668449197860962,0.9668449197860962,0.95185129942677,0.0,0.95185129942677,0.95185129942677,0.9564959049631758,0.0,0.9564959049631758,0.9564959049631758,0.9664117385655453,0.0,0.9664117385655453,0.9664117385655453
curated_ecm,tabicl,tissue,1,curated_9_ecm_programs,0.9470842882607589,0.0,0.9470842882607589,0.9470842882607589,0.9213431833945297,0.0,0.9213431833945297,0.9213431833945297,0.9262131674938064,0.0,0.9262131674938064,0.9262131674938064,0.9461694084398591,0.0,0.9461694084398591,0.9461694084398591
random_matrisome,tabicl,tissue,10,random_matrisome_programs_r1; random_matrisome_programs_r10; random_matrisome_programs_r2; random_matrisome_programs_r3; random_matrisome_programs_r4; random_matrisome_programs_r5; random_matrisome_programs_r6; random_matrisome_programs_r7; random_matrisome_programs_r8; random_matrisome_programs_r9,0.9047771836007129,0.010494708769285809,0.8916221033868093,0.9252355487649606,0.8625228385035904,0.015910632610016094,0.843380534408468,0.8890146678125863,0.8723080695807868,0.014438518583524044,0.8548534697434104,0.895424226144336,0.9032921510979095,0.01047132893816624,0.8891851683145606,0.9229912986441718
random_non_ecm,tabicl,tissue,10,random_non_ecm_programs_r1; random_non_ecm_programs_r10; random_non_ecm_programs_r2; random_non_ecm_programs_r3; random_non_ecm_programs_r4; random_non_ecm_programs_r5; random_non_ecm_programs_r6; random_non_ecm_programs_r7; random_non_ecm_programs_r8; random_non_ecm_programs_r9,0.6806875477463713,0.025680108285374908,0.6341227400050929,0.7204481792717088,0.5664347494317503,0.030752791090071393,0.5014385607302991,0.6049912723011845,0.5783156181805473,0.03145308488985014,0.5101716008678768,0.6171582493375339,0.6687815672463968,0.026387917132937852,0.6193819361014695,0.7102984596744195
matrisome_pca,tabnet,tissue,1,matrisome_pca9,0.9541634835752483,0.0,0.9541634835752483,0.9541634835752483,0.9502843482055485,0.0,0.9502843482055485,0.9502843482055485,0.9408609296753502,0.0,0.9408609296753502,0.9408609296753502,0.9548090918900595,0.0,0.9548090918900595,0.9548090918900595
curated_ecm,tabnet,tissue,1,curated_9_ecm_programs,0.9214158390628979,0.0,0.9214158390628979,0.9214158390628979,0.9079300989119272,0.0,0.9079300989119272,0.9079300989119272,0.8950718723525253,0.0,0.8950718723525253,0.8950718723525253,0.9230584935893095,0.0,0.9230584935893095,0.9230584935893095
random_matrisome,tabnet,tissue,10,random_matrisome_programs_r1; random_matrisome_programs_r10; random_matrisome_programs_r2; random_matrisome_programs_r3; random_matrisome_programs_r4; random_matrisome_programs_r5; random_matrisome_programs_r6; random_matrisome_programs_r7; random_matrisome_programs_r8; random_matrisome_programs_r9,0.8675528393175451,0.01232042967966399,0.8496562261268144,0.8935574229691877,0.8449624218484061,0.014695756835711886,0.8243507806910347,0.8693019391968339,0.8260835168844072,0.017161566724528805,0.8030572002694942,0.853618120980465,0.8702765613402276,0.01215593260365951,0.8533633199228599,0.8959840323953957
random_non_ecm,tabnet,tissue,10,random_non_ecm_programs_r1; random_non_ecm_programs_r10; random_non_ecm_programs_r2; random_non_ecm_programs_r3; random_non_ecm_programs_r4; random_non_ecm_programs_r5; random_non_ecm_programs_r6; random_non_ecm_programs_r7; random_non_ecm_programs_r8; random_non_ecm_programs_r9,0.5907002801120448,0.031046085812547485,0.5351667939903234,0.6390628978864272,0.5611699587038894,0.030286585790619658,0.5019169143430342,0.5989364903052555,0.5211196586465603,0.029700915307295787,0.46318077683387526,0.5599554960213918,0.6067627619055147,0.028101549904226183,0.5600741299857287,0.6523883132812431
matrisome_pca,xgboost,tissue,1,matrisome_pca9,0.9533995416348358,0.0,0.9533995416348358,0.9533995416348358,0.9382715585642417,0.0,0.9382715585642417,0.9382715585642417,0.9362460002654934,0.0,0.9362460002654934,0.9362460002654934,0.9536196958731715,0.0,0.9536196958731715,0.9536196958731715
curated_ecm,xgboost,tissue,1,curated_9_ecm_programs,0.9065444359562006,0.0,0.9065444359562006,0.9065444359562006,0.8807560214098569,0.0,0.8807560214098569,0.8807560214098569,0.8703863592441315,0.0,0.8703863592441315,0.8703863592441315,0.9085107182961988,0.0,0.9085107182961988,0.9085107182961988
random_matrisome,xgboost,tissue,10,random_matrisome_programs_r1; random_matrisome_programs_r10; random_matrisome_programs_r2; random_matrisome_programs_r3; random_matrisome_programs_r4; random_matrisome_programs_r5; random_matrisome_programs_r6; random_matrisome_programs_r7; random_matrisome_programs_r8; random_matrisome_programs_r9,0.8571632289279348,0.01374120319320268,0.8379933791698496,0.8829640947288006,0.8319969740030091,0.014526598275059395,0.8071847813932033,0.853838581792191,0.8155969955374591,0.016948280535160017,0.7901057676883616,0.8435473546080784,0.8596228222430666,0.01352590917221988,0.8411124894837998,0.8854248213160396
random_non_ecm,xgboost,tissue,10,random_non_ecm_programs_r1; random_non_ecm_programs_r10; random_non_ecm_programs_r2; random_non_ecm_programs_r3; random_non_ecm_programs_r4; random_non_ecm_programs_r5; random_non_ecm_programs_r6; random_non_ecm_programs_r7; random_non_ecm_programs_r8; random_non_ecm_programs_r9,0.6186198115609881,0.03021996734655203,0.5700534759358289,0.6726763432645786,0.5905052104646504,0.02974551185379819,0.5350554756025151,0.6324584388694637,0.5490471828670578,0.029740772769862495,0.49524604952922735,0.5938419652309304,0.6290718811993742,0.028630775529338043,0.5852324764352158,0.6823062682218797
matrisome_pca,dense_mlp,tissue_system,1,matrisome_pca9,0.9753889685519026,0.0,0.9753889685519026,0.9753889685519026,0.9769061247295762,0.0,0.9769061247295762,0.9769061247295762,0.9637194633737665,0.0,0.9637194633737665,0.9637194633737665,0.9758978865197762,0.0,0.9758978865197762,0.9758978865197762
curated_ecm,dense_mlp,tissue_system,1,curated_9_ecm_programs,0.9542651339187831,0.0,0.9542651339187831,0.9542651339187831,0.9640743553234769,0.0,0.9640743553234769,0.9640743553234769,0.94987587599592,0.0,0.94987587599592,0.94987587599592,0.9543684273114901,0.0,0.9543684273114901,0.9543684273114901
random_matrisome,dense_mlp,tissue_system,10,random_matrisome_programs_r1; random_matrisome_programs_r10; random_matrisome_programs_r2; random_matrisome_programs_r3; random_matrisome_programs_r4; random_matrisome_programs_r5; random_matrisome_programs_r6; random_matrisome_programs_r7; random_matrisome_programs_r8; random_matrisome_programs_r9,0.8974628622012046,0.008389090617622412,0.8872547776418633,0.9157062729547281,0.9071768021858346,0.01049603756860876,0.8860477436424048,0.9188340769191571,0.8701995307103807,0.01326104025893523,0.8478079547812369,0.8897692941211194,0.8987394004090715,0.008293295809885382,0.8897480972296744,0.9170726663502966
random_non_ecm,dense_mlp,tissue_system,10,random_non_ecm_programs_r1; random_non_ecm_programs_r10; random_non_ecm_programs_r2; random_non_ecm_programs_r3; random_non_ecm_programs_r4; random_non_ecm_programs_r5; random_non_ecm_programs_r6; random_non_ecm_programs_r7; random_non_ecm_programs_r8; random_non_ecm_programs_r9,0.6680560709282187,0.028524232714862055,0.6166358975459152,0.7084596757232212,0.6774585945199079,0.035102670855721635,0.6212444854911869,0.7198940025454104,0.6009092999304646,0.035756532807936496,0.5398465128877687,0.649584966675176,0.6791398859784905,0.025845247413964312,0.6328058197084604,0.7196952609751996
matrisome_pca,extra_trees,tissue_system,1,matrisome_pca9,0.972508393987258,0.0,0.972508393987258,0.972508393987258,0.9559313013443292,0.0,0.9559313013443292,0.9559313013443292,0.9640882537095097,0.0,0.9640882537095097,0.9640882537095097,0.972092101827085,0.0,0.972092101827085,0.972092101827085
curated_ecm,extra_trees,tissue_system,1,curated_9_ecm_programs,0.937335770855545,0.0,0.937335770855545,0.937335770855545,0.9291484491481408,0.0,0.9291484491481408,0.9291484491481408,0.9333867449732252,0.0,0.9333867449732252,0.9333867449732252,0.9364728376695701,0.0,0.9364728376695701,0.9364728376695701
random_matrisome,extra_trees,tissue_system,10,random_matrisome_programs_r1; random_matrisome_programs_r10; random_matrisome_programs_r2; random_matrisome_programs_r3; random_matrisome_programs_r4; random_matrisome_programs_r5; random_matrisome_programs_r6; random_matrisome_programs_r7; random_matrisome_programs_r8; random_matrisome_programs_r9,0.8886848055709539,0.007290288397950597,0.8793205202516237,0.9053467269355782,0.8629960857661656,0.012846143247953119,0.8456019722872264,0.8823232001962399,0.8639355933006236,0.01588693874877351,0.8389705803541252,0.8880466818016964,0.8873963645516287,0.007247775971460788,0.8786682853706955,0.9038910211221058
random_non_ecm,extra_trees,tissue_system,10,random_non_ecm_programs_r1; random_non_ecm_programs_r10; random_non_ecm_programs_r2; random_non_ecm_programs_r3; random_non_ecm_programs_r4; random_non_ecm_programs_r5; random_non_ecm_programs_r6; random_non_ecm_programs_r7; random_non_ecm_programs_r8; random_non_ecm_programs_r9,0.7003130073249534,0.024810797655152022,0.6551439342308288,0.7357996644831382,0.6408771360175,0.039063585274762766,0.5778333101334721,0.6931921282069682,0.6249091796803233,0.03633482856500788,0.5663136841230028,0.6726436939164262,0.6990667761189268,0.023206646380617663,0.6572496523302366,0.7332173498493626
matrisome_pca,ft_transformer_lite,tissue_system,1,matrisome_pca9,0.9665451353439061,0.0,0.9665451353439061,0.9665451353439061,0.9722247798109065,0.0,0.9722247798109065,0.9722247798109065,0.9502444037537486,0.0,0.9502444037537486,0.9502444037537486,0.9677278814950452,0.0,0.9677278814950452,0.9677278814950452
curated_ecm,ft_transformer_lite,tissue_system,1,curated_9_ecm_programs,0.9411763496495871,0.0,0.9411763496495871,0.9411763496495871,0.9545005810645885,0.0,0.9545005810645885,0.9545005810645885,0.9303102761597323,0.0,0.9303102761597323,0.9303102761597323,0.9416251724577954,0.0,0.9416251724577954,0.9416251724577954
random_matrisome,ft_transformer_lite,tissue_system,10,random_matrisome_programs_r1; random_matrisome_programs_r10; random_matrisome_programs_r2; random_matrisome_programs_r3; random_matrisome_programs_r4; random_matrisome_programs_r5; random_matrisome_programs_r6; random_matrisome_programs_r7; random_matrisome_programs_r8; random_matrisome_programs_r9,0.872387262362974,0.009941551801416105,0.8612796250955987,0.8950880121998702,0.8896750299167764,0.011270419977544533,0.8670184844351188,0.9051080237951432,0.8416572348481453,0.014371362189455263,0.8172237227029671,0.8638200930117957,0.8750807312143074,0.009350630880855278,0.8625051629724542,0.8956812675830692
random_non_ecm,ft_transformer_lite,tissue_system,10,random_non_ecm_programs_r1; random_non_ecm_programs_r10; random_non_ecm_programs_r2; random_non_ecm_programs_r3; random_non_ecm_programs_r4; random_non_ecm_programs_r5; random_non_ecm_programs_r6; random_non_ecm_programs_r7; random_non_ecm_programs_r8; random_non_ecm_programs_r9,0.6455928620237028,0.027513793534958766,0.6005636642415313,0.6833935754280189,0.6641941787800489,0.033713457944782615,0.6077219740330635,0.7015053285833156,0.5849433793237794,0.03407934925613486,0.533130716359205,0.6291698784627525,0.6582104699940835,0.02528888712676943,0.618056740111958,0.6962416275170308
matrisome_pca,logistic_regression,tissue_system,1,matrisome_pca9,0.9200017673568425,0.0,0.9200017673568425,0.9200017673568425,0.9129635125754337,0.0,0.9129635125754337,0.9129635125754337,0.8832381415703532,0.0,0.8832381415703532,0.8832381415703532,0.9274751816871575,0.0,0.9274751816871575,0.9274751816871575
curated_ecm,logistic_regression,tissue_system,1,curated_9_ecm_programs,0.8432884176958902,0.0,0.8432884176958902,0.8432884176958902,0.887273856280863,0.0,0.887273856280863,0.887273856280863,0.8422935268625829,0.0,0.8422935268625829,0.8422935268625829,0.8434425663498043,0.0,0.8434425663498043,0.8434425663498043
random_matrisome,logistic_regression,tissue_system,10,random_matrisome_programs_r1; random_matrisome_programs_r10; random_matrisome_programs_r2; random_matrisome_programs_r3; random_matrisome_programs_r4; random_matrisome_programs_r5; random_matrisome_programs_r6; random_matrisome_programs_r7; random_matrisome_programs_r8; random_matrisome_programs_r9,0.7062760220628451,0.026669009439831522,0.6591872099552248,0.7482817498824847,0.7611575400942184,0.01686745651892127,0.723557111808138,0.7792080830475006,0.6860566213096877,0.0183607722216496,0.6376440133347556,0.7083718960853332,0.7081881170745401,0.027667883877488107,0.6577716724099552,0.7511807193068106
random_non_ecm,logistic_regression,tissue_system,10,random_non_ecm_programs_r1; random_non_ecm_programs_r10; random_non_ecm_programs_r2; random_non_ecm_programs_r3; random_non_ecm_programs_r4; random_non_ecm_programs_r5; random_non_ecm_programs_r6; random_non_ecm_programs_r7; random_non_ecm_programs_r8; random_non_ecm_programs_r9,0.5319581969027072,0.02351031095057837,0.5005048459928568,0.5705474451669239,0.5569797850083369,0.033500399288636705,0.4963751618879722,0.596102898686328,0.47930527658051447,0.02722526052898375,0.4320828417545637,0.5122427559335428,0.5422504670113658,0.021462922586718353,0.5137448712676141,0.5787224866349492
matrisome_pca,residual_mlp,tissue_system,1,matrisome_pca9,0.9759448303726914,0.0,0.9759448303726914,0.9759448303726914,0.9777337641948687,0.0,0.9777337641948687,0.9777337641948687,0.9646108903159722,0.0,0.9646108903159722,0.9646108903159722,0.9763679157017264,0.0,0.9763679157017264,0.9763679157017264
curated_ecm,residual_mlp,tissue_system,1,curated_9_ecm_programs,0.9524960148274089,0.0,0.9524960148274089,0.9524960148274089,0.9609422495577113,0.0,0.9609422495577113,0.9609422495577113,0.9482055865918652,0.0,0.9482055865918652,0.9482055865918652,0.9525046934646266,0.0,0.9525046934646266,0.9525046934646266
random_matrisome,residual_mlp,tissue_system,10,random_matrisome_programs_r1; random_matrisome_programs_r10; random_matrisome_programs_r2; random_matrisome_programs_r3; random_matrisome_programs_r4; random_matrisome_programs_r5; random_matrisome_programs_r6; random_matrisome_programs_r7; random_matrisome_programs_r8; random_matrisome_programs_r9,0.8937839595254851,0.010292170464949589,0.8807855875625071,0.91540340877674,0.903538105311162,0.011900209211050007,0.8781613517316826,0.9168987877529515,0.8656485027356089,0.01582570297564683,0.8396401451044687,0.8890480999532139,0.8955072607106995,0.00983037761512909,0.8831991117160104,0.9165116275960035
random_non_ecm,residual_mlp,tissue_system,10,random_non_ecm_programs_r1; random_non_ecm_programs_r10; random_non_ecm_programs_r2; random_non_ecm_programs_r3; random_non_ecm_programs_r4; random_non_ecm_programs_r5; random_non_ecm_programs_r6; random_non_ecm_programs_r7; random_non_ecm_programs_r8; random_non_ecm_programs_r9,0.6602936442961942,0.028477867756376275,0.612744264614183,0.6997176060027815,0.6691831201707841,0.03498621491655773,0.6164371337354628,0.7136419899002264,0.5938935098529752,0.03514306772601212,0.538019500060935,0.6411724442870937,0.6729393718267892,0.025235171648746623,0.6304239114354354,0.7113127389384291
matrisome_pca,tabicl,tissue_system,1,matrisome_pca9,0.9819079868566881,0.0,0.9819079868566881,0.9819079868566881,0.9752051875052914,0.0,0.9752051875052914,0.9752051875052914,0.978394938566779,0.0,0.978394938566779,0.978394938566779,0.9817670278442453,0.0,0.9817670278442453,0.9817670278442453
curated_ecm,tabicl,tissue_system,1,curated_9_ecm_programs,0.9659388706513157,0.0,0.9659388706513157,0.9659388706513157,0.9665296009990092,0.0,0.9665296009990092,0.9665296009990092,0.9674575642867687,0.0,0.9674575642867687,0.9674575642867687,0.9657240870527465,0.0,0.9657240870527465,0.9657240870527465
random_matrisome,tabicl,tissue_system,10,random_matrisome_programs_r1; random_matrisome_programs_r10; random_matrisome_programs_r2; random_matrisome_programs_r3; random_matrisome_programs_r4; random_matrisome_programs_r5; random_matrisome_programs_r6; random_matrisome_programs_r7; random_matrisome_programs_r8; random_matrisome_programs_r9,0.9201887675022918,0.006828394864735606,0.9125222851055618,0.935364529480189,0.8991184393672397,0.011840325290607684,0.8793691029206825,0.9133464908808782,0.9073104124722711,0.010621267368987641,0.8891784121711426,0.9202048051675119,0.9196481851629965,0.006716440498663986,0.9123576512705298,0.9343029641596401
random_non_ecm,tabicl,tissue_system,10,random_non_ecm_programs_r1; random_non_ecm_programs_r10; random_non_ecm_programs_r2; random_non_ecm_programs_r3; random_non_ecm_programs_r4; random_non_ecm_programs_r5; random_non_ecm_programs_r6; random_non_ecm_programs_r7; random_non_ecm_programs_r8; random_non_ecm_programs_r9,0.7280469276659409,0.02388430248923357,0.6822811749807143,0.7643519272298482,0.6426545807831923,0.04059337932963926,0.5802629153026735,0.6876153731986815,0.6568341034606301,0.039605387530074865,0.5916263185148629,0.6998051557350756,0.7249240416980218,0.02408108968705738,0.6795551998070037,0.7613977335297241
matrisome_pca,tabnet,tissue_system,1,matrisome_pca9,0.9749847495237779,0.0,0.9749847495237779,0.9749847495237779,0.9736487938135634,0.0,0.9736487938135634,0.9736487938135634,0.9668632756192099,0.0,0.9668632756192099,0.9668632756192099,0.9751992367484409,0.0,0.9751992367484409,0.9751992367484409
curated_ecm,tabnet,tissue_system,1,curated_9_ecm_programs,0.9482009929123117,0.0,0.9482009929123117,0.9482009929123117,0.9504530587934117,0.0,0.9504530587934117,0.9504530587934117,0.9450034536351335,0.0,0.9450034536351335,0.9450034536351335,0.9482363394404525,0.0,0.9482363394404525,0.9482363394404525
random_matrisome,tabnet,tissue_system,10,random_matrisome_programs_r1; random_matrisome_programs_r10; random_matrisome_programs_r2; random_matrisome_programs_r3; random_matrisome_programs_r4; random_matrisome_programs_r5; random_matrisome_programs_r6; random_matrisome_programs_r7; random_matrisome_programs_r8; random_matrisome_programs_r9,0.8913886661602117,0.009420078147583076,0.8776024552979396,0.9132299557279666,0.8864860950719147,0.01210709827098592,0.8635817417714098,0.9032660431581601,0.8683137001412107,0.01376671812877846,0.84294993247289,0.8888499822212778,0.8919723766650189,0.009505286710245938,0.8780324066289292,0.9138207972476357
random_non_ecm,tabnet,tissue_system,10,random_non_ecm_programs_r1; random_non_ecm_programs_r10; random_non_ecm_programs_r2; random_non_ecm_programs_r3; random_non_ecm_programs_r4; random_non_ecm_programs_r5; random_non_ecm_programs_r6; random_non_ecm_programs_r7; random_non_ecm_programs_r8; random_non_ecm_programs_r9,0.6676363045232458,0.027694087652443966,0.6180501022678995,0.7080548692788047,0.6378619730391843,0.03758836966798991,0.5762040639114843,0.6867801652241738,0.5936177983784299,0.037654703391404185,0.5342400978632321,0.6452009452802343,0.6751748101133606,0.02553043776655673,0.629736240466696,0.7157082507831041
matrisome_pca,xgboost,tissue_system,1,matrisome_pca9,0.9714472009166759,0.0,0.9714472009166759,0.9714472009166759,0.9623867105014157,0.0,0.9623867105014157,0.9623867105014157,0.9605894869273051,0.0,0.9605894869273051,0.9605894869273051,0.9714646434347323,0.0,0.9714646434347323,0.9714646434347323
curated_ecm,xgboost,tissue_system,1,curated_9_ecm_programs,0.9323830214727471,0.0,0.9323830214727471,0.9323830214727471,0.935235465115053,0.0,0.935235465115053,0.935235465115053,0.926900061276395,0.0,0.926900061276395,0.926900061276395,0.932200562876813,0.0,0.932200562876813,0.932200562876813
random_matrisome,xgboost,tissue_system,10,random_matrisome_programs_r1; random_matrisome_programs_r10; random_matrisome_programs_r2; random_matrisome_programs_r3; random_matrisome_programs_r4; random_matrisome_programs_r5; random_matrisome_programs_r6; random_matrisome_programs_r7; random_matrisome_programs_r8; random_matrisome_programs_r9,0.8648168046520306,0.009315986206842406,0.850363783078401,0.8824032171002502,0.8650427524705288,0.009242208335760605,0.845463869189359,0.8798424167162509,0.8397616728906433,0.013240004079736975,0.8158935716247548,0.8607274621101093,0.8654587611720219,0.009408339080536178,0.8497658158706234,0.8827117247510889
random_non_ecm,xgboost,tissue_system,10,random_non_ecm_programs_r1; random_non_ecm_programs_r10; random_non_ecm_programs_r2; random_non_ecm_programs_r3; random_non_ecm_programs_r4; random_non_ecm_programs_r5; random_non_ecm_programs_r6; random_non_ecm_programs_r7; random_non_ecm_programs_r8; random_non_ecm_programs_r9,0.6708909240735073,0.026154865441701668,0.6275008131246166,0.7094704914618404,0.6599823011990215,0.03443707258376809,0.6046710170039907,0.7078147631208331,0.6046061864385119,0.03509646833664303,0.5513285890982835,0.6547561267112901,0.6777826689318942,0.023748024732322452,0.6397446591247343,0.7154239306992985
