representation,representation_family,representation_kind,model,label_col,n_folds,mean_n_features,accuracy_mean,accuracy_std,balanced_accuracy_mean,balanced_accuracy_std,macro_f1_mean,macro_f1_std,weighted_f1_mean,weighted_f1_std
matrisome_pca9,matrisome_pca,pca9,dense_mlp,tissue,5,9.0,0.9603259485612426,0.003112119402587676,0.9575979581935548,0.004164873072980572,0.9474768753031565,0.003446423006281146,0.9607930139629219,0.002987484701383054
curated_9_ecm_programs,curated_ecm,gene_set_scores,dense_mlp,tissue,5,9.0,0.9348612172141584,0.00391660482398378,0.9277817702248082,0.0049772222634750524,0.9107029884696335,0.0025114445848296468,0.9362733033597163,0.0035692360214470116
random_matrisome_programs_r5,random_matrisome,gene_set_scores,dense_mlp,tissue,5,9.0,0.9007384772090654,0.004259237998890774,0.897651506846309,0.003537255248221924,0.8689092697831301,0.0037654764603155116,0.903260306832611,0.0045591948481784475
random_matrisome_programs_r6,random_matrisome,gene_set_scores,dense_mlp,tissue,5,9.0,0.9071046600458365,0.003398945498031823,0.8933652960840336,0.004367861430339328,0.8726010955353667,0.004341601748404381,0.9093373826226419,0.003361465020208337
random_matrisome_programs_r2,random_matrisome,gene_set_scores,dense_mlp,tissue,5,9.0,0.8824038706391647,0.0038023542561609726,0.8863036818903977,0.0030285006042199405,0.8636272904167939,0.004055405336750254,0.8844251458868939,0.003780832008947733
random_matrisome_programs_r4,random_matrisome,gene_set_scores,dense_mlp,tissue,5,9.0,0.8796027501909854,0.005900788737646117,0.8713951290810451,0.007456454625345213,0.8355834117773945,0.004824859533840986,0.8828184276799073,0.0056347317864626
random_matrisome_programs_r10,random_matrisome,gene_set_scores,dense_mlp,tissue,5,9.0,0.861370002546473,0.002829222187386024,0.8700531535313601,0.004050038372856774,0.8296703672752921,0.005358041930000951,0.8635991263645769,0.002609117710529538
random_matrisome_programs_r8,random_matrisome,gene_set_scores,dense_mlp,tissue,5,9.0,0.8711484593837534,0.005397081453216796,0.8693487161680551,0.006407825311830349,0.8315021397281799,0.006179790962872643,0.8772018836130909,0.005156775235301761
random_matrisome_programs_r9,random_matrisome,gene_set_scores,dense_mlp,tissue,5,9.0,0.8770562770562769,0.004085165190762535,0.8671632577719943,0.005570492677518525,0.8364168804990127,0.00581770489312773,0.8801742759130942,0.004184363229647384
random_matrisome_programs_r1,random_matrisome,gene_set_scores,dense_mlp,tissue,5,9.0,0.8769034886681946,0.004262890340278384,0.8637922141925584,0.008365111883783702,0.8280025385770692,0.007578054740602468,0.8809117556018116,0.003862818940845065
random_matrisome_programs_r3,random_matrisome,gene_set_scores,dense_mlp,tissue,5,9.0,0.8568882098293862,0.005133528156192193,0.8602006599635427,0.00521773245124432,0.8210996709825485,0.003520644129169143,0.8610462009760061,0.004594151519515647
random_matrisome_programs_r7,random_matrisome,gene_set_scores,dense_mlp,tissue,5,9.0,0.8656990068754775,0.0038940228884370314,0.8502280303237338,0.004545689361359004,0.8184919551593011,0.0024998124430281135,0.8685786315182937,0.0039720854906230025
random_non_ecm_programs_r4,random_non_ecm,gene_set_scores,dense_mlp,tissue,5,9.0,0.661624649859944,0.007706016483192268,0.6477903061498691,0.012676077388952614,0.5878367731625145,0.01142196872175097,0.6759969386826346,0.006882603559942262
random_non_ecm_programs_r6,random_non_ecm,gene_set_scores,dense_mlp,tissue,5,9.0,0.6442577030812324,0.006094535391556532,0.6338284933344086,0.00949206008346619,0.5710634627380218,0.005088603808511636,0.6589901410736332,0.006901917628811839
random_non_ecm_programs_r8,random_non_ecm,gene_set_scores,dense_mlp,tissue,5,9.0,0.6071301247771836,0.011560427120803043,0.6304712895585158,0.009152388984314301,0.5587136542130318,0.010351936525424849,0.6153849290003592,0.011200159321264518
random_non_ecm_programs_r5,random_non_ecm,gene_set_scores,dense_mlp,tissue,5,9.0,0.638349885408709,0.006477058413717037,0.6215720478289104,0.009009949780155626,0.5684962316601128,0.007652287411351054,0.6489986252944793,0.005973771691809188
random_non_ecm_programs_r10,random_non_ecm,gene_set_scores,dense_mlp,tissue,5,9.0,0.628062133944487,0.003969885463693401,0.6155360509333886,0.008609557429571734,0.5610397907511241,0.00745926862826246,0.6386729016740769,0.004010355042963282
random_non_ecm_programs_r2,random_non_ecm,gene_set_scores,dense_mlp,tissue,5,9.0,0.6331550802139038,0.007808335409257511,0.6125508633852768,0.010677827422070109,0.5544641546814205,0.008519192779471666,0.6451256634590037,0.007615779995893639
random_non_ecm_programs_r3,random_non_ecm,gene_set_scores,dense_mlp,tissue,5,9.0,0.5886427298192004,0.007291277888738802,0.6102296432320471,0.004508508820759341,0.534138688193778,0.007806876372985845,0.6022336562435017,0.0061578001302772635
random_non_ecm_programs_r7,random_non_ecm,gene_set_scores,dense_mlp,tissue,5,9.0,0.5896613190730837,0.00837723868396317,0.5854745170091531,0.0022856723113152716,0.5251866568185491,0.005928704516431914,0.607683176240122,0.00866700051604834
random_non_ecm_programs_r1,random_non_ecm,gene_set_scores,dense_mlp,tissue,5,9.0,0.5863509039979629,0.007271685783370759,0.5739278968017032,0.013694200610003813,0.5109461266040741,0.012267771557345262,0.6000285121323127,0.006647540215374256
random_non_ecm_programs_r9,random_non_ecm,gene_set_scores,dense_mlp,tissue,5,9.0,0.5590527119938884,0.004250703664856726,0.5472308056631203,0.006300862145171444,0.4899678379898555,0.004829473296679842,0.5800814304128558,0.00462793305042332
matrisome_pca9,matrisome_pca,pca9,extra_trees,tissue,5,9.0,0.9547237076648841,0.002909672901876385,0.9349619825529366,0.004953478161883401,0.9384824426243664,0.00468395342437392,0.9544566220383859,0.0028520417768953493
curated_9_ecm_programs,curated_ecm,gene_set_scores,extra_trees,tissue,5,9.0,0.9170868347338936,0.003960072763186897,0.869294181728024,0.008939757470972575,0.8754028211714647,0.0069226349390434,0.914288381468763,0.004065268659678364
random_matrisome_programs_r2,random_matrisome,gene_set_scores,extra_trees,tissue,5,9.0,0.8770053475935828,0.002867468960582504,0.8551962267114602,0.00267899719872843,0.8611205417065129,0.003223355663618221,0.8759390361248345,0.0028089630994920416
random_matrisome_programs_r6,random_matrisome,gene_set_scores,extra_trees,tissue,5,9.0,0.8974789915966387,0.003860574211000182,0.8530647809587137,0.006375044631706451,0.8567263420623707,0.006485062004671202,0.8952141560091393,0.00415581019124815
random_matrisome_programs_r5,random_matrisome,gene_set_scores,extra_trees,tissue,5,9.0,0.8908072319837025,0.00600967659791192,0.8446112117979473,0.006097266862992962,0.8520527565036051,0.0059335226988473135,0.8893708245770892,0.006013803091004318
random_matrisome_programs_r10,random_matrisome,gene_set_scores,extra_trees,tissue,5,9.0,0.858314234784823,0.00311711611878774,0.8284136673210274,0.007626455023739973,0.8299178509672105,0.004618507190445919,0.8579927047124762,0.0031654168107651294
random_matrisome_programs_r4,random_matrisome,gene_set_scores,extra_trees,tissue,5,9.0,0.8746625923096512,0.0037955265360604374,0.8215372559110143,0.007108578173451365,0.8194058884937252,0.00661971896993675,0.8715420870886266,0.0036621262017516817
random_matrisome_programs_r8,random_matrisome,gene_set_scores,extra_trees,tissue,5,9.0,0.8698752228163993,0.005146144366312858,0.817807393426594,0.00526904548261781,0.8215181350816005,0.00710280664392769,0.8683503683859776,0.004850701001928599
random_matrisome_programs_r9,random_matrisome,gene_set_scores,extra_trees,tissue,5,9.0,0.8710975299210594,0.00299749202333835,0.8177926716784307,0.006533603870503974,0.8200547693414244,0.004860783754409046,0.8679065714470445,0.0025342625217524254
random_matrisome_programs_r1,random_matrisome,gene_set_scores,extra_trees,tissue,5,9.0,0.8786860198624904,0.004918320205961933,0.8138646928570411,0.006288626942681643,0.821381212456829,0.006578454203065895,0.8758790898410587,0.005305951106077503
random_matrisome_programs_r3,random_matrisome,gene_set_scores,extra_trees,tissue,5,9.0,0.861319073083779,0.005089379958382231,0.8108154142703254,0.006754731045856158,0.8202901089217853,0.005496983963419125,0.8587672213225677,0.005112193410089436
random_matrisome_programs_r7,random_matrisome,gene_set_scores,extra_trees,tissue,5,9.0,0.8617774382480266,0.0032105765240589513,0.8009332674373526,0.008882532271577585,0.8045805296142134,0.005921476745804222,0.8600866699007369,0.0034461958296978412
random_non_ecm_programs_r8,random_non_ecm,gene_set_scores,extra_trees,tissue,5,9.0,0.649554367201426,0.007230190189238647,0.5990328355574066,0.0024206517577921222,0.5841201974597114,0.003998335570489304,0.6434137037129735,0.006622031074803695
random_non_ecm_programs_r4,random_non_ecm,gene_set_scores,extra_trees,tissue,5,9.0,0.7000254647313471,0.00591966007478288,0.5971401026817059,0.010071309583873854,0.5926910228643834,0.013075338896736354,0.6931232256792272,0.005781232838641061
random_non_ecm_programs_r5,random_non_ecm,gene_set_scores,extra_trees,tissue,5,9.0,0.672217978100331,0.005841145348332492,0.5856723106397785,0.008345469611288568,0.5799646186195264,0.007125270524070986,0.6649664894904801,0.006546705129962279
random_non_ecm_programs_r6,random_non_ecm,gene_set_scores,extra_trees,tissue,5,9.0,0.6881588999236058,0.006631790500904739,0.5822881566599578,0.007590421920710172,0.5692026703270378,0.008464836549845036,0.6774133105198171,0.00785801639938368
random_non_ecm_programs_r10,random_non_ecm,gene_set_scores,extra_trees,tissue,5,9.0,0.6639164756811816,0.005045359552250783,0.5768470038371964,0.006284151988464157,0.5628192057666987,0.004726810297444493,0.6499129133273926,0.00480809616612053
random_non_ecm_programs_r2,random_non_ecm,gene_set_scores,extra_trees,tissue,5,9.0,0.6629997453526866,0.0038940228884370297,0.5627817811027,0.00968657073697352,0.5510340255317422,0.007649652356143532,0.6549672232189779,0.003797768172896866
random_non_ecm_programs_r3,random_non_ecm,gene_set_scores,extra_trees,tissue,5,9.0,0.6418640183346066,0.004044325275496184,0.5558304302253275,0.010911972029916391,0.5521584889583389,0.010384520335731416,0.6342353013227526,0.004159461160163687
random_non_ecm_programs_r7,random_non_ecm,gene_set_scores,extra_trees,tissue,5,9.0,0.6363127069009422,0.006970827765101741,0.5420339097845639,0.007319129676551155,0.5342235962517496,0.00787296485678887,0.6308324914348181,0.007145581453110576
random_non_ecm_programs_r1,random_non_ecm,gene_set_scores,extra_trees,tissue,5,9.0,0.6231219760631526,0.00274736011393148,0.5307936270456336,0.007707783277251557,0.5208810729003565,0.006980299770706221,0.6159971878784196,0.00299973038489155
random_non_ecm_programs_r9,random_non_ecm,gene_set_scores,extra_trees,tissue,5,9.0,0.6071810542398778,0.00285659356503799,0.509894052080065,0.0032236226767048135,0.4992185166463445,0.0031714090997896154,0.6017423705122662,0.004620837905718557
matrisome_pca9,matrisome_pca,pca9,ft_transformer_lite,tissue,5,9.0,0.9505984211866565,0.00458648018433182,0.9442545647427784,0.007573092305587722,0.9315749201745733,0.008760295197861315,0.9513420081506169,0.004628923167769822
curated_9_ecm_programs,curated_ecm,gene_set_scores,ft_transformer_lite,tissue,5,9.0,0.9135217723453017,0.005422493161886909,0.9051985825028964,0.00915082294649403,0.8816015516179808,0.0080760376458735,0.916578382730005,0.004688734669064838
random_matrisome_programs_r6,random_matrisome,gene_set_scores,ft_transformer_lite,tissue,5,9.0,0.8898395721925134,0.0031707425345094964,0.8720831401066824,0.00875392401555892,0.8491500646156569,0.002412081200075389,0.8918813309612936,0.004035173465721308
random_matrisome_programs_r2,random_matrisome,gene_set_scores,ft_transformer_lite,tissue,5,9.0,0.8606569900687548,0.0014970143576978872,0.8712618036212125,0.002414664219721596,0.8404463148417222,0.00425014070263687,0.8635248514166249,0.002106811165025832
random_matrisome_programs_r5,random_matrisome,gene_set_scores,ft_transformer_lite,tissue,5,9.0,0.8700280112044819,0.005828253425381219,0.8663489878324189,0.007829262170574992,0.8281822070380247,0.00954838070410488,0.8749583817204065,0.004546126330754204
random_matrisome_programs_r4,random_matrisome,gene_set_scores,ft_transformer_lite,tissue,5,9.0,0.8617774382480266,0.008675068200398695,0.8552134765302695,0.0066613135839310505,0.8099643496233158,0.010697524015252117,0.8665381433781162,0.007460334082531906
random_matrisome_programs_r10,random_matrisome,gene_set_scores,ft_transformer_lite,tissue,5,9.0,0.8358034122740005,0.013451935649637014,0.8531558789334179,0.006873147645239009,0.8040216221142529,0.007375509432948743,0.8394523962776308,0.013643831216118583
random_matrisome_programs_r9,random_matrisome,gene_set_scores,ft_transformer_lite,tissue,5,9.0,0.8609625668449198,0.005539383929179019,0.8528642961732356,0.006822453173061628,0.8138771194366271,0.00646328524006672,0.8636825046868688,0.0057059963030848355
random_matrisome_programs_r1,random_matrisome,gene_set_scores,ft_transformer_lite,tissue,5,9.0,0.8592309651133181,0.008658607807426895,0.8466127166906758,0.005506997052761414,0.8094905613543822,0.007258880470423045,0.8645272218297622,0.007758639797246419
random_matrisome_programs_r8,random_matrisome,gene_set_scores,ft_transformer_lite,tissue,5,9.0,0.8501145912910619,0.013333990847999315,0.8433746610787992,0.009663647945003326,0.8060958959770972,0.013408067961196295,0.8565761100907908,0.011836486793229193
random_matrisome_programs_r3,random_matrisome,gene_set_scores,ft_transformer_lite,tissue,5,9.0,0.8240387063916476,0.00945424235299233,0.8415024421409516,0.011955437699527735,0.7904403882068722,0.009894314986672563,0.8301322528673083,0.009181508330727213
random_matrisome_programs_r7,random_matrisome,gene_set_scores,ft_transformer_lite,tissue,5,9.0,0.8440030557677616,0.008967924962935393,0.8354235764043565,0.006292028785060289,0.7964578507697319,0.00854996686389713,0.8478743377272796,0.008109160832689189
random_non_ecm_programs_r4,random_non_ecm,gene_set_scores,ft_transformer_lite,tissue,5,9.0,0.638961038961039,0.009595035079936972,0.6299734985570515,0.009036040161417666,0.566735968626582,0.005823265195982802,0.6560756044732357,0.008102800640406756
random_non_ecm_programs_r6,random_non_ecm,gene_set_scores,ft_transformer_lite,tissue,5,9.0,0.6384008148714031,0.019148394336757597,0.6241037797635095,0.018076264566638797,0.5646378099861014,0.015620377076007013,0.6542550656741246,0.0159706960329989
random_non_ecm_programs_r8,random_non_ecm,gene_set_scores,ft_transformer_lite,tissue,5,9.0,0.5899159663865546,0.008495608383113749,0.616724387164228,0.007202182898389889,0.5468743250827519,0.008965283188484736,0.6005806763749135,0.010299233419462494
random_non_ecm_programs_r5,random_non_ecm,gene_set_scores,ft_transformer_lite,tissue,5,9.0,0.6183855360325948,0.010867922520681753,0.610960968341292,0.009101637385141895,0.5509457838769629,0.006065227192620155,0.6318828811968034,0.010056219301637135
random_non_ecm_programs_r10,random_non_ecm,gene_set_scores,ft_transformer_lite,tissue,5,9.0,0.604532722179781,0.01101890439528926,0.6059924696012171,0.010542513349656803,0.5475005698577456,0.011577351214169355,0.6204594032743844,0.007972000614464228
random_non_ecm_programs_r3,random_non_ecm,gene_set_scores,ft_transformer_lite,tissue,5,9.0,0.5812579577285459,0.0055734612764164046,0.5966064699350749,0.010506608178960054,0.5242689491693464,0.007039390713745844,0.5955632577405771,0.00532494926207962
random_non_ecm_programs_r2,random_non_ecm,gene_set_scores,ft_transformer_lite,tissue,5,9.0,0.6116628469569646,0.010125873593553287,0.5918627723401523,0.012169910306136567,0.534073808507751,0.011838245168293985,0.6255643134894981,0.01081275514692378
random_non_ecm_programs_r7,random_non_ecm,gene_set_scores,ft_transformer_lite,tissue,5,9.0,0.5727527374586198,0.009098288727859073,0.5717619440948501,0.005155443889065624,0.5124451880018611,0.004347367934156651,0.5902703555880655,0.006619041793979971
random_non_ecm_programs_r1,random_non_ecm,gene_set_scores,ft_transformer_lite,tissue,5,9.0,0.5662846956964603,0.014426978315187616,0.5539122973472859,0.01609630475983629,0.49475887662200646,0.014059990582424277,0.5809928211699088,0.01157122933685559
random_non_ecm_programs_r9,random_non_ecm,gene_set_scores,ft_transformer_lite,tissue,5,9.0,0.5452508276037688,0.00713630638944251,0.533535653444843,0.007327584909221907,0.4771600702650714,0.003798225287013123,0.5643028001333491,0.006823321703240196
matrisome_pca9,matrisome_pca,pca9,logistic_regression,tissue,5,9.0,0.9395976572447161,0.0042409291105813315,0.9330362761378973,0.005428203228145716,0.9162071479033835,0.0027570955606353235,0.9405622293329146,0.004078829825899565
curated_9_ecm_programs,curated_ecm,gene_set_scores,logistic_regression,tissue,5,9.0,0.8647313470842883,0.005086321130123316,0.8609026441353637,0.00890407410965689,0.8292325455376529,0.006977169448473834,0.8692944479291563,0.0039373127417448705
random_matrisome_programs_r6,random_matrisome,gene_set_scores,logistic_regression,tissue,5,9.0,0.8329513623631272,0.007730548901863083,0.8342709742534314,0.00676254216380052,0.7905896187219785,0.0065626131687045635,0.8369314708110098,0.0072154096443087885
random_matrisome_programs_r2,random_matrisome,gene_set_scores,logistic_regression,tissue,5,9.0,0.7776419658772601,0.0057876130260643786,0.8168901419910745,0.005103526266270717,0.7617996908575898,0.0055408699600398015,0.7795450577508655,0.007324364858408722
random_matrisome_programs_r5,random_matrisome,gene_set_scores,logistic_regression,tissue,5,9.0,0.7889483065953653,0.004590437214868856,0.8098635058811772,0.005097883889845927,0.7526265735599945,0.006252488866987835,0.7977338816185346,0.004260478110979656
random_matrisome_programs_r1,random_matrisome,gene_set_scores,logistic_regression,tissue,5,9.0,0.8122230710466004,0.007411243091858904,0.8046888218339359,0.009133608512677797,0.7494848197296969,0.009332154385576793,0.820952868400578,0.007396427854967523
random_matrisome_programs_r4,random_matrisome,gene_set_scores,logistic_regression,tissue,5,9.0,0.7778456837280368,0.009062868908532726,0.8004220946136404,0.01020605370420813,0.7339893972712382,0.006334065769107531,0.7835328031612507,0.009403157245465095
random_matrisome_programs_r8,random_matrisome,gene_set_scores,logistic_regression,tissue,5,9.0,0.7884390119684237,0.004870092421851555,0.7975928236102234,0.0066291986696813635,0.7497130725885297,0.005357529205037868,0.796884562982052,0.004493543863055952
random_matrisome_programs_r9,random_matrisome,gene_set_scores,logistic_regression,tissue,5,9.0,0.7852813852813852,0.006869627518195023,0.7936362144841898,0.0028444311687724206,0.7316321706772286,0.0048565380832400985,0.7934581614020862,0.005820741013333667
random_matrisome_programs_r10,random_matrisome,gene_set_scores,logistic_regression,tissue,5,9.0,0.7416348357524829,0.010138161658257846,0.7895407379995623,0.01174170649694193,0.7215685895113468,0.01107283528924369,0.748479707306821,0.009998238985170355
random_matrisome_programs_r3,random_matrisome,gene_set_scores,logistic_regression,tissue,5,9.0,0.739597657244716,0.005940654945149476,0.7774849471234228,0.004190158097717779,0.7051478992675448,0.005913088034324131,0.7512863733050831,0.0053589781985076195
random_matrisome_programs_r7,random_matrisome,gene_set_scores,logistic_regression,tissue,5,9.0,0.78130888719124,0.0032146134633174593,0.7770059604028806,0.007647472849348246,0.7280461321530617,0.007071477878420394,0.7859372376438876,0.0024643748910676347
random_non_ecm_programs_r8,random_non_ecm,gene_set_scores,logistic_regression,tissue,5,9.0,0.5115864527629232,0.009804417622272991,0.5802756371978225,0.009897488632462655,0.48828018945151214,0.0075403274305557485,0.512887903878054,0.012228208896817139
random_non_ecm_programs_r5,random_non_ecm,gene_set_scores,logistic_regression,tissue,5,9.0,0.5766233766233766,0.00491832020596194,0.5779618403725062,0.011065620393950036,0.5136676842078248,0.006498134522171901,0.5856185780127593,0.006540206851651505
random_non_ecm_programs_r4,random_non_ecm,gene_set_scores,logistic_regression,tissue,5,9.0,0.5587980646804176,0.004811688849068185,0.5609662927478568,0.010490139348334787,0.4951509745369046,0.008820982878740148,0.5765743578242349,0.00405219840814584
random_non_ecm_programs_r10,random_non_ecm,gene_set_scores,logistic_regression,tissue,5,9.0,0.5266106442577031,0.006423980059880234,0.5541461572280963,0.004768623939498816,0.48363659158769945,0.003484141191964945,0.5376398778386677,0.008561890471169446
random_non_ecm_programs_r6,random_non_ecm,gene_set_scores,logistic_regression,tissue,5,9.0,0.48026483320600966,0.006571677056564264,0.5372361621528458,0.00979879069119898,0.4651811385922285,0.006189679636048982,0.48244221787969127,0.008395899399028817
random_non_ecm_programs_r7,random_non_ecm,gene_set_scores,logistic_regression,tissue,5,9.0,0.5044563279857398,0.008535814412473867,0.5337877571137153,0.004468748786283446,0.46378706900819705,0.006791146337372884,0.519125311870399,0.009615086187127347
random_non_ecm_programs_r3,random_non_ecm,gene_set_scores,logistic_regression,tissue,5,9.0,0.46610644257703077,0.003840365168629256,0.5322611323978317,0.011336629516686805,0.4431459604184663,0.005705823399129176,0.473359094803753,0.0032079474412258966
random_non_ecm_programs_r2,random_non_ecm,gene_set_scores,logistic_regression,tissue,5,9.0,0.5083778966131908,0.003933785896068758,0.5284087054009865,0.009266858031290388,0.45569654504724866,0.00640533220747263,0.5208597660324534,0.004423599395406587
random_non_ecm_programs_r1,random_non_ecm,gene_set_scores,logistic_regression,tissue,5,9.0,0.4938120702826585,0.003153516797639464,0.5133489238902577,0.014979699642517443,0.43462512392567004,0.009880473702124774,0.5007129494504974,0.00197910999456607
random_non_ecm_programs_r9,random_non_ecm,gene_set_scores,logistic_regression,tissue,5,9.0,0.4730328495034377,0.007076446788334832,0.48216601995596786,0.00468968616513914,0.42092117999864864,0.004457959770865805,0.4864565062953886,0.008174178816535689
matrisome_pca9,matrisome_pca,pca9,residual_mlp,tissue,5,9.0,0.9558950853068499,0.0025485094989960546,0.9552342407234573,0.00460357366938712,0.9412143439174112,0.004303122738902706,0.9567744361495976,0.002448724357689041
curated_9_ecm_programs,curated_ecm,gene_set_scores,residual_mlp,tissue,5,9.0,0.9293099057804941,0.0025495270712062924,0.9249258006752822,0.006300778252886193,0.9044100626514675,0.006030092042786254,0.9310450375002144,0.00232714539955889
random_matrisome_programs_r5,random_matrisome,gene_set_scores,residual_mlp,tissue,5,9.0,0.8928953399541635,0.004250703664856683,0.8889487033516106,0.004639372755906643,0.8578456321397446,0.0038157535796276582,0.8960413837832283,0.004290694616041615
random_matrisome_programs_r6,random_matrisome,gene_set_scores,residual_mlp,tissue,5,9.0,0.9007894066717596,0.005020105538213064,0.8867426453462407,0.006290460046475794,0.8613238504450076,0.006865069148801775,0.9032767234278867,0.00484136453903936
random_matrisome_programs_r2,random_matrisome,gene_set_scores,residual_mlp,tissue,5,9.0,0.876394194041253,0.0028565935650379476,0.8803766890657435,0.0019908393150883494,0.854907843353026,0.0055408487391198705,0.8787131731436896,0.0020902796851684797
random_matrisome_programs_r4,random_matrisome,gene_set_scores,residual_mlp,tissue,5,9.0,0.8778202189966896,0.005091418156284691,0.8676268789093162,0.006901825332364501,0.8323744934159546,0.0059185609285025195,0.8811118869976446,0.0054598892335545116
random_matrisome_programs_r10,random_matrisome,gene_set_scores,residual_mlp,tissue,5,9.0,0.8560224089635854,0.009639805141275746,0.8658118016651104,0.008491117399287425,0.8247674072027437,0.01044517067093272,0.858602422516752,0.009120769513602125
random_matrisome_programs_r8,random_matrisome,gene_set_scores,residual_mlp,tissue,5,9.0,0.867736185383244,0.009158244682654021,0.8643375439491965,0.01198185301293142,0.8278111151189502,0.009528557453329273,0.8743273826856639,0.008761730584819653
random_matrisome_programs_r9,random_matrisome,gene_set_scores,residual_mlp,tissue,5,9.0,0.8703845174433409,0.004261064560906924,0.8633308671179367,0.005521072037737811,0.8286100226435312,0.006470043431969119,0.8736199473710522,0.004255585319458131
random_matrisome_programs_r1,random_matrisome,gene_set_scores,residual_mlp,tissue,5,9.0,0.8713521772345303,0.004759657343501356,0.8585315449757218,0.009217038761826345,0.8197365441421951,0.004102075999407865,0.8754107068995779,0.004458941908832529
random_matrisome_programs_r3,random_matrisome,gene_set_scores,residual_mlp,tissue,5,9.0,0.8536287242169595,0.003584652784266413,0.855323926585611,0.004850908571647402,0.817129658321376,0.002933320260795953,0.8586359517342237,0.003488255605385005
random_matrisome_programs_r7,random_matrisome,gene_set_scores,residual_mlp,tissue,5,9.0,0.8597911892029539,0.0024615321565764157,0.8458055637482829,0.005362155434968877,0.8124510915122807,0.005790156361922613,0.8631859963941688,0.0024713979358801062
random_non_ecm_programs_r4,random_non_ecm,gene_set_scores,residual_mlp,tissue,5,9.0,0.6519480519480518,0.011283376196858161,0.6357527579766898,0.012416963166771326,0.5769481223560924,0.01425644068866562,0.6680834379380634,0.010685029136583429
random_non_ecm_programs_r8,random_non_ecm,gene_set_scores,residual_mlp,tissue,5,9.0,0.6039724980901452,0.016164308636520255,0.627267603254281,0.011532573700148728,0.558097292020064,0.014148093844740622,0.6134732276495279,0.0156811310228295
random_non_ecm_programs_r6,random_non_ecm,gene_set_scores,residual_mlp,tissue,5,9.0,0.64654952890247,0.006147504711792774,0.6261770150081446,0.007685492947587076,0.5701618729331445,0.0033022238513772907,0.6617597354921873,0.007374062898910392
random_non_ecm_programs_r5,random_non_ecm,gene_set_scores,residual_mlp,tissue,5,9.0,0.6349885408708938,0.006541214915407102,0.6176461734435532,0.007080204680050641,0.567555852626254,0.006575276466244791,0.6475380790703531,0.005896396113869893
random_non_ecm_programs_r10,random_non_ecm,gene_set_scores,residual_mlp,tissue,5,9.0,0.6215940921823275,0.010933833305382758,0.6073400921558008,0.004786234457009967,0.5548113512477838,0.007951982252326543,0.633005416617425,0.008698569875459052
random_non_ecm_programs_r3,random_non_ecm,gene_set_scores,residual_mlp,tissue,5,9.0,0.5861471861471861,0.010904615236128203,0.6008114643085077,0.006693411587773633,0.5338670600338496,0.008758550484111708,0.6017081717329731,0.00898166930232469
random_non_ecm_programs_r2,random_non_ecm,gene_set_scores,residual_mlp,tissue,5,9.0,0.616042780748663,0.01060923175968568,0.5959225123868428,0.00992244984863276,0.5392341015867989,0.012811930292899284,0.6311463234103177,0.008805077911623818
random_non_ecm_programs_r7,random_non_ecm,gene_set_scores,residual_mlp,tissue,5,9.0,0.5781512605042016,0.012906976872945942,0.5776259041869924,0.011806605372314866,0.5174185876755696,0.01633198844071649,0.5977461986809521,0.009505414268119272
random_non_ecm_programs_r1,random_non_ecm,gene_set_scores,residual_mlp,tissue,5,9.0,0.573720397249809,0.007607095694137552,0.5617344120105964,0.013909760804533594,0.5020847031375102,0.009872252773091228,0.5923628181543267,0.0060836550669599926
random_non_ecm_programs_r9,random_non_ecm,gene_set_scores,residual_mlp,tissue,5,9.0,0.5545709192768017,0.008486138436808165,0.5404115647480066,0.006609049973479052,0.48548679229564395,0.0037963042194674094,0.5765546762181228,0.006954067119611777
matrisome_pca9,matrisome_pca,pca9,tabicl,tissue,5,9.0,0.9668449197860962,0.0032467282812343634,0.95185129942677,0.0051011673459538855,0.9564959049631758,0.004150448476287717,0.9664117385655453,0.0031310186390014257
curated_9_ecm_programs,curated_ecm,gene_set_scores,tabicl,tissue,5,9.0,0.9470842882607589,0.002465743506373366,0.9213431833945297,0.006754899663191737,0.9262131674938064,0.004893367138274062,0.9461694084398591,0.0023022493094756085
random_matrisome_programs_r6,random_matrisome,gene_set_scores,tabicl,tissue,5,9.0,0.9252355487649606,0.00374114951305464,0.8890146678125863,0.0026062656150601373,0.8938947318837329,0.0027877110428134694,0.9229912986441718,0.004133043474168637
random_matrisome_programs_r5,random_matrisome,gene_set_scores,tabicl,tissue,5,9.0,0.9221797810033104,0.005242519677090009,0.8863095106759132,0.008103531764932868,0.895424226144336,0.005218250747605473,0.9214053508066676,0.0054049744236745806
random_matrisome_programs_r2,random_matrisome,gene_set_scores,tabicl,tissue,5,9.0,0.9033868092691624,0.0027454712446026855,0.8793935206221188,0.0033667173814325596,0.8896734462354378,0.004760838157774941,0.902785754602184,0.002659119039927243
random_matrisome_programs_r10,random_matrisome,gene_set_scores,tabicl,tissue,5,9.0,0.8947797300738477,0.002851140311133869,0.8632032527690958,0.00673048093950834,0.8727616276968974,0.0055412535550850885,0.8944473874122995,0.0028840437794657343
random_matrisome_programs_r4,random_matrisome,gene_set_scores,tabicl,tissue,5,9.0,0.9065444359562006,0.0060282070706087374,0.8587170508488663,0.009069712345285459,0.8669992287174668,0.008475838110884789,0.904889807030829,0.005901639113274168
random_matrisome_programs_r9,random_matrisome,gene_set_scores,tabicl,tissue,5,9.0,0.902724726254138,0.00298709005319382,0.8584223939812364,0.002282458770257219,0.8682372087628878,0.0036654042949319687,0.9012369184841132,0.0030027972253797407
random_matrisome_programs_r8,random_matrisome,gene_set_scores,tabicl,tissue,5,9.0,0.9009931245225363,0.003410373117959384,0.8530498691300685,0.007901434371849876,0.8626930248098882,0.008221052250051205,0.8994944152652113,0.0035228431129106603
random_matrisome_programs_r3,random_matrisome,gene_set_scores,tabicl,tissue,5,9.0,0.8916221033868093,0.005117334020710137,0.8476484364245358,0.008207904772107404,0.8599247176891657,0.0044651711669321205,0.8891851683145606,0.0052195432032517775
random_matrisome_programs_r1,random_matrisome,gene_set_scores,tabicl,tissue,5,9.0,0.9046600458365164,0.004585348976968616,0.846089148363015,0.005044375440677741,0.8586190141246443,0.004492094992775524,0.9021578389025218,0.004758632837513393
random_matrisome_programs_r7,random_matrisome,gene_set_scores,tabicl,tissue,5,9.0,0.8956455309396485,0.003226693977378585,0.843380534408468,0.0089211692795252,0.8548534697434104,0.005027570463609151,0.8943275715165366,0.0033138345290928887
random_non_ecm_programs_r8,random_non_ecm,gene_set_scores,tabicl,tissue,5,9.0,0.6782276546982429,0.01063633510136519,0.6049912723011845,0.007012280758312624,0.6171582493375339,0.006882792721236697,0.6694829784201454,0.00953989566891753
random_non_ecm_programs_r4,random_non_ecm,gene_set_scores,tabicl,tissue,5,9.0,0.7204481792717088,0.005706373005522516,0.5950335328423347,0.008566165046976902,0.6088847021955361,0.010534604983709847,0.7102984596744195,0.005309770757723583
random_non_ecm_programs_r5,random_non_ecm,gene_set_scores,tabicl,tissue,5,9.0,0.6972752737458621,0.005073556162123664,0.5947333095618067,0.0075658937801126105,0.6085142152709715,0.007879923465520966,0.6868193271272871,0.006058079271478206
random_non_ecm_programs_r6,random_non_ecm,gene_set_scores,tabicl,tissue,5,9.0,0.7139292080468551,0.006343938729419922,0.581236203052238,0.008209289207114329,0.5897598354153396,0.006565786547819014,0.7002100663329637,0.0064392778374877425
random_non_ecm_programs_r10,random_non_ecm,gene_set_scores,tabicl,tissue,5,9.0,0.6877005347593583,0.0034414150051492107,0.5804478507900775,0.005557945819715527,0.5899981701291324,0.006818550627762223,0.6742823223428355,0.0031562456658101134
random_non_ecm_programs_r2,random_non_ecm,gene_set_scores,tabicl,tissue,5,9.0,0.6914183855360326,0.007539280872359161,0.571151761054412,0.007990557524963467,0.5824157914889261,0.010364568692333391,0.6801107762016525,0.007564003935082569
random_non_ecm_programs_r3,random_non_ecm,gene_set_scores,tabicl,tissue,5,9.0,0.6701807995925643,0.004240929110581322,0.5597071237858126,0.009841722581315267,0.5762102764290308,0.009358087118166119,0.6576476076160194,0.003903621047538251
random_non_ecm_programs_r7,random_non_ecm,gene_set_scores,tabicl,tissue,5,9.0,0.6613700025464733,0.007085238318949446,0.5394047224617577,0.007698162414583139,0.5515037725454998,0.011504956190578355,0.6498892870642942,0.0073715525815287765
random_non_ecm_programs_r1,random_non_ecm,gene_set_scores,tabicl,tissue,5,9.0,0.6522026992615227,0.003606295078604613,0.5362031577375801,0.009743795494693307,0.548539568125626,0.009311294819372224,0.6396929115828802,0.003317148316146871
random_non_ecm_programs_r9,random_non_ecm,gene_set_scores,tabicl,tissue,5,9.0,0.6341227400050929,0.004478898062830797,0.5014385607302991,0.005635870197621767,0.5101716008678768,0.00546556669843218,0.6193819361014695,0.0050192879626703045
matrisome_pca9,matrisome_pca,pca9,tabnet,tissue,5,9.0,0.9541634835752483,0.0041312553686118254,0.9502843482055485,0.0063652287555439275,0.9408609296753502,0.004521092591597399,0.9548090918900595,0.004046851467435065
curated_9_ecm_programs,curated_ecm,gene_set_scores,tabnet,tissue,5,9.0,0.9214158390628979,0.006076634067033221,0.9079300989119272,0.004370764339525525,0.8950718723525253,0.0038306748753067447,0.9230584935893095,0.005021875425933574
random_matrisome_programs_r6,random_matrisome,gene_set_scores,tabnet,tissue,5,9.0,0.8935574229691877,0.009732725590499607,0.8693019391968339,0.005068896528953974,0.853618120980465,0.009889278629012517,0.8959840323953957,0.008758882611450334
random_matrisome_programs_r2,random_matrisome,gene_set_scores,tabnet,tissue,5,9.0,0.8692640692640692,0.006031648319395148,0.8630983774594846,0.004373638563842249,0.849433828718358,0.005099675121274987,0.870523058782466,0.0054834404017577625
random_matrisome_programs_r5,random_matrisome,gene_set_scores,tabnet,tissue,5,9.0,0.8847975553857907,0.005720446582978944,0.8620024764341998,0.009513471514004689,0.845685026522259,0.008899079642829814,0.887567692962223,0.005663549897006206
random_matrisome_programs_r10,random_matrisome,gene_set_scores,tabnet,tissue,5,9.0,0.8606060606060606,0.0036034169495918144,0.8490282240199661,0.005844506354348907,0.8296764211728579,0.003828054408334774,0.8622282789141613,0.00366236801339204
random_matrisome_programs_r4,random_matrisome,gene_set_scores,tabnet,tissue,5,9.0,0.8703335879806469,0.008214339764741842,0.8421014050122244,0.006593535576817117,0.8235191700709672,0.007914675940218543,0.8732653350129572,0.007025780692960816
random_matrisome_programs_r8,random_matrisome,gene_set_scores,tabnet,tissue,5,9.0,0.8630506748153808,0.005453021161934977,0.8399550775380181,0.00877033727986501,0.8163662013993849,0.007922321940777632,0.8676261327150829,0.004390119475467594
random_matrisome_programs_r9,random_matrisome,gene_set_scores,tabnet,tissue,5,9.0,0.864985994397759,0.006169406003759796,0.8379124819276564,0.004710158733389511,0.8197667059581448,0.0076208646225515405,0.8676957888936547,0.005464340220665697
random_matrisome_programs_r3,random_matrisome,gene_set_scores,tabnet,tissue,5,9.0,0.8496562261268144,0.005892430987280169,0.8348221497585365,0.004605780844750202,0.81469928630581,0.006732771716259213,0.8533633199228599,0.00529937601240232
random_matrisome_programs_r1,random_matrisome,gene_set_scores,tabnet,tissue,5,9.0,0.8621848739495798,0.009550326739385223,0.8270513064461061,0.013354589184260695,0.8030572002694942,0.012522742229757139,0.8650523392179904,0.008112256005438915
random_matrisome_programs_r7,random_matrisome,gene_set_scores,tabnet,tissue,5,9.0,0.8570919276801631,0.0024971022504978505,0.8243507806910347,0.006029463378375439,0.8050132074463304,0.0052765234582534135,0.8594596345854846,0.002176070909041975
random_non_ecm_programs_r4,random_non_ecm,gene_set_scores,tabnet,tissue,5,9.0,0.6390628978864272,0.00787943146659079,0.5989364903052555,0.0037049816566434427,0.5599554960213918,0.00662662093756462,0.6523883132812431,0.005680489794108775
random_non_ecm_programs_r6,random_non_ecm,gene_set_scores,tabnet,tissue,5,9.0,0.630201171377642,0.008163660852590435,0.5961469533855387,0.010694728190420968,0.5533288236498484,0.00872649988189885,0.645478416096589,0.009345740159987995
random_non_ecm_programs_r8,random_non_ecm,gene_set_scores,tabnet,tissue,5,9.0,0.5922587216704864,0.01403695820959575,0.5870297766052259,0.011459644896463646,0.5439740738473445,0.013123330836473454,0.6035733893798114,0.013483183600475741
random_non_ecm_programs_r5,random_non_ecm,gene_set_scores,tabnet,tissue,5,9.0,0.6111026228673289,0.00785932537791393,0.5806452160267492,0.006808136349662942,0.5400771160943554,0.006134504116138746,0.6254692479829632,0.007692889008349309
random_non_ecm_programs_r10,random_non_ecm,gene_set_scores,tabnet,tissue,5,9.0,0.5926152279093456,0.018334182152799302,0.5690043852573972,0.01087322462679681,0.5319934860593407,0.008797654807737644,0.6087272310477942,0.013813347119785595
random_non_ecm_programs_r2,random_non_ecm,gene_set_scores,tabnet,tissue,5,9.0,0.607537560478737,0.011053453499363826,0.5587729193376941,0.009254457251029023,0.5236583892600116,0.012440726986235138,0.6193514646639139,0.009601799634741743
random_non_ecm_programs_r3,random_non_ecm,gene_set_scores,tabnet,tissue,5,9.0,0.5765215176979883,0.0028172786729695654,0.5574221012144343,0.009204721986283103,0.5131670312746772,0.009239998338514363,0.5912721306686459,0.0031437267782287288
random_non_ecm_programs_r7,random_non_ecm,gene_set_scores,tabnet,tissue,5,9.0,0.5640947288006111,0.01562331310149943,0.536007721252433,0.013513949814150814,0.49457014791864395,0.015264057746246241,0.5828880914142333,0.013684331674489103
random_non_ecm_programs_r1,random_non_ecm,gene_set_scores,tabnet,tissue,5,9.0,0.5584415584415584,0.011396142997863705,0.5258171093111313,0.005337803101470398,0.48729124550611413,0.002953055872362891,0.578405204534223,0.010844106334662056
random_non_ecm_programs_r9,random_non_ecm,gene_set_scores,tabnet,tissue,5,9.0,0.5351667939903234,0.0074583411635974275,0.5019169143430342,0.003845831467517892,0.46318077683387526,0.0059144256088192,0.5600741299857287,0.007849350077307077
matrisome_pca9,matrisome_pca,pca9,xgboost,tissue,5,9.0,0.9533995416348358,0.003487831661474695,0.9382715585642417,0.0046948379161708,0.9362460002654934,0.0036790724103069796,0.9536196958731715,0.0033701547676821477
curated_9_ecm_programs,curated_ecm,gene_set_scores,xgboost,tissue,5,9.0,0.9065444359562006,0.004270185651388776,0.8807560214098569,0.009153691814340848,0.8703863592441315,0.007650893966049191,0.9085107182961988,0.003734400509811802
random_matrisome_programs_r2,random_matrisome,gene_set_scores,xgboost,tissue,5,9.0,0.8619811560988031,0.004190476685658091,0.853838581792191,0.005086465212815524,0.8435473546080784,0.004115998099081117,0.863536464744891,0.0038900484145131605
random_matrisome_programs_r6,random_matrisome,gene_set_scores,xgboost,tissue,5,9.0,0.8829640947288006,0.005132517519671643,0.85259349215087,0.0036968912091320818,0.8415553649396692,0.004990627197528302,0.8854248213160396,0.005083221172212111
random_matrisome_programs_r5,random_matrisome,gene_set_scores,xgboost,tissue,5,9.0,0.8751209574738986,0.005923164387698838,0.8477041471709714,0.0069223124404107035,0.8337379417596464,0.006951819673834042,0.8769165037576997,0.005990008617053787
random_matrisome_programs_r4,random_matrisome,gene_set_scores,xgboost,tissue,5,9.0,0.8595874713521772,0.004697121385350141,0.8341945285532608,0.012264969420388879,0.8122398454504312,0.007958188547713347,0.8619652969609474,0.004553005193094496
random_matrisome_programs_r10,random_matrisome,gene_set_scores,xgboost,tissue,5,9.0,0.8404379933791699,0.006220070136296189,0.832431078790696,0.009541273331215202,0.8108650233757864,0.004800242898959252,0.8423469823621879,0.006329396862550864
random_matrisome_programs_r3,random_matrisome,gene_set_scores,xgboost,tissue,5,9.0,0.8379933791698496,0.004915154923939819,0.8248348399277887,0.00670870223932271,0.8023278772442606,0.006365437393751975,0.8411124894837998,0.004721702421837211
random_matrisome_programs_r9,random_matrisome,gene_set_scores,xgboost,tissue,5,9.0,0.8555131143366438,0.0011791023073888672,0.8248214191180121,0.007045995302311841,0.810562611835398,0.004822197311255972,0.8575135501865416,0.001149512965677686
random_matrisome_programs_r8,random_matrisome,gene_set_scores,xgboost,tissue,5,9.0,0.849503437738732,0.004261064560906914,0.8227519253438249,0.005264798165278318,0.805713147423415,0.004304287629915115,0.8543543303944026,0.00409855287698099
random_matrisome_programs_r1,random_matrisome,gene_set_scores,xgboost,tissue,5,9.0,0.8627960275019098,0.005805511980273158,0.8196149457892725,0.008883776008801459,0.8053150210495433,0.009565938252163113,0.8652307855584841,0.005909217520875271
random_matrisome_programs_r7,random_matrisome,gene_set_scores,xgboost,tissue,5,9.0,0.8457346574993634,0.0029974920233383343,0.8071847813932033,0.005709888469688799,0.7901057676883616,0.00526052287233009,0.8478269976656719,0.002872939415596106
random_non_ecm_programs_r4,random_non_ecm,gene_set_scores,xgboost,tissue,5,9.0,0.6726763432645786,0.00564513522889495,0.6324584388694637,0.007180506273027713,0.5938419652309304,0.007687990196561927,0.6823062682218797,0.0047877528796731305
random_non_ecm_programs_r6,random_non_ecm,gene_set_scores,xgboost,tissue,5,9.0,0.6482811306340717,0.006261217686214602,0.6194313819217061,0.01047648498784866,0.5754564098011248,0.0074922352790784755,0.6585231883923045,0.00613753780997527
random_non_ecm_programs_r8,random_non_ecm,gene_set_scores,xgboost,tissue,5,9.0,0.6114081996434937,0.012188006746553688,0.6145579432907251,0.01620890203851145,0.5660466459214647,0.013879850551887632,0.619566417978599,0.011825586905213094
random_non_ecm_programs_r5,random_non_ecm,gene_set_scores,xgboost,tissue,5,9.0,0.6427298192004074,0.0039020079061630837,0.6091389632639308,0.003176795967230986,0.5720664572427479,0.003000309580218067,0.6513442166090796,0.004589260910698242
random_non_ecm_programs_r10,random_non_ecm,gene_set_scores,xgboost,tissue,5,9.0,0.6343773873185639,0.004110484089428296,0.6021457863441151,0.007615405266760865,0.566631573090824,0.0064012933971385,0.6411258795899739,0.0034982052414960487
random_non_ecm_programs_r2,random_non_ecm,gene_set_scores,xgboost,tissue,5,9.0,0.6275528393175452,0.00649145900602976,0.5880379337419308,0.005106242477537261,0.548817227162595,0.004145154505724211,0.6372586884385217,0.006510552868654032
random_non_ecm_programs_r3,random_non_ecm,gene_set_scores,xgboost,tissue,5,9.0,0.594856124267889,0.0029212386859587642,0.5859289705039823,0.004034718438085911,0.5341821533728159,0.003244912126974279,0.6062492035566189,0.003239109380363237
random_non_ecm_programs_r7,random_non_ecm,gene_set_scores,xgboost,tissue,5,9.0,0.5967405143875733,0.006692139149830066,0.5669501571042469,0.008116403170391317,0.5262606116922892,0.0061987541555524155,0.6096747549873667,0.00703685736549729
random_non_ecm_programs_r1,random_non_ecm,gene_set_scores,xgboost,tissue,5,9.0,0.5875222816399287,0.0032347225888872894,0.5513470540038871,0.013554493172483069,0.5119227356265593,0.009756180722904673,0.5994377177841819,0.002531044841891385
random_non_ecm_programs_r9,random_non_ecm,gene_set_scores,xgboost,tissue,5,9.0,0.5700534759358289,0.007596176738917112,0.5350554756025151,0.0031291420197354382,0.49524604952922735,0.004939296111680067,0.5852324764352158,0.00860290193826905
matrisome_pca9,matrisome_pca,pca9,dense_mlp,tissue_system,5,9.0,0.9753889685519026,0.002208111011319285,0.9769061247295762,0.0024761062213013454,0.9637194633737665,0.004125761357186528,0.9758978865197762,0.0019658330215231697
curated_9_ecm_programs,curated_ecm,gene_set_scores,dense_mlp,tissue_system,5,9.0,0.9542651339187831,0.0041308189643297554,0.9640743553234769,0.0025262428854257507,0.94987587599592,0.0054179939667018066,0.9543684273114901,0.004183999427382704
random_matrisome_programs_r8,random_matrisome,gene_set_scores,dense_mlp,tissue_system,5,9.0,0.9053967084000403,0.006437313589446732,0.9188340769191571,0.004071245234178746,0.8897692941211194,0.00953306513334728,0.9060300206663843,0.006203155519402688
random_matrisome_programs_r6,random_matrisome,gene_set_scores,dense_mlp,tissue_system,5,9.0,0.9157062729547281,0.0030951197690416913,0.9177195823082226,0.0015736117640544217,0.8856163583276396,0.007112237580321479,0.9170726663502966,0.0028962739184525965
random_matrisome_programs_r5,random_matrisome,gene_set_scores,dense_mlp,tissue_system,5,9.0,0.9032740285507304,0.006002157234733357,0.9159322220435089,0.006783807637606844,0.8779289713495005,0.0039821378666380705,0.9045318589711352,0.006260934919018683
random_matrisome_programs_r10,random_matrisome,gene_set_scores,dense_mlp,tissue_system,5,9.0,0.8919546698509737,0.00488365684543819,0.914397270641054,0.007777848585753822,0.8811526936688017,0.009628573238301063,0.8926269212365723,0.0044522979836948305
random_matrisome_programs_r4,random_matrisome,gene_set_scores,dense_mlp,tissue_system,5,9.0,0.9006470007354197,0.004773199191556011,0.9104874203438339,0.007916462892512343,0.8639223902618,0.007083833079415878,0.9027291693560964,0.0044240082457121825
random_matrisome_programs_r2,random_matrisome,gene_set_scores,dense_mlp,tissue_system,5,9.0,0.8919547847802483,0.0032125463993117947,0.9090685506036367,0.003725350249264965,0.8740208116167583,0.0031654113423523946,0.8927442440861011,0.0033806748718306447
random_matrisome_programs_r1,random_matrisome,gene_set_scores,dense_mlp,tissue_system,5,9.0,0.8970077397204383,0.005424096707122242,0.9064878050134386,0.004287995109479544,0.8656606400847655,0.002567289509310737,0.8977786049286566,0.005370990182575787
random_matrisome_programs_r3,random_matrisome,gene_set_scores,dense_mlp,tissue_system,5,9.0,0.8927124624069537,0.007214686973332704,0.9003941884181987,0.0023101408430184107,0.8646673289924809,0.006006378322933612,0.8936348170658549,0.007184574572464736
random_matrisome_programs_r9,random_matrisome,gene_set_scores,dense_mlp,tissue_system,5,9.0,0.8872547776418633,0.0025444695071584326,0.892399161924893,0.0034826822179883166,0.8478079547812369,0.005056704698750507,0.8904976041999447,0.002102350732951036
random_matrisome_programs_r7,random_matrisome,gene_set_scores,dense_mlp,tissue_system,5,9.0,0.8887201769706508,0.0034043794257291077,0.8860477436424048,0.005083788522708063,0.8514488638997058,0.005059974833725563,0.8897480972296744,0.0031764292082203695
random_non_ecm_programs_r6,random_non_ecm,gene_set_scores,dense_mlp,tissue_system,5,9.0,0.7084596757232212,0.00520068903927686,0.7198940025454104,0.009894463973180544,0.649584966675176,0.006666298282757967,0.7196952609751996,0.005069954596653649
random_non_ecm_programs_r4,random_non_ecm,gene_set_scores,dense_mlp,tissue_system,5,9.0,0.6989082485123363,0.008472796504785612,0.7113985561703066,0.016652055208446793,0.6297108330096014,0.01112413970477578,0.7101164099847549,0.009596557014571976
random_non_ecm_programs_r10,random_non_ecm,gene_set_scores,dense_mlp,tissue_system,5,9.0,0.6749542804961319,0.00816149963454431,0.7052271999876515,0.004767502527808193,0.6271602080510161,0.009011369414766202,0.675097690107495,0.006944699691928242
random_non_ecm_programs_r8,random_non_ecm,gene_set_scores,dense_mlp,tissue_system,5,9.0,0.6623200925870234,0.005688081674033135,0.7027001590023875,0.004234050162659049,0.6130002943855624,0.004910275325732277,0.6701409088807811,0.006432115062288111
random_non_ecm_programs_r5,random_non_ecm,gene_set_scores,dense_mlp,tissue_system,5,9.0,0.6871327993719243,0.010815199240212223,0.6965116676527261,0.009442750064653069,0.6182547760117639,0.013322771825465127,0.696322217293674,0.009222941782664251
random_non_ecm_programs_r2,random_non_ecm,gene_set_scores,dense_mlp,tissue_system,5,9.0,0.6882962922666773,0.00781877152642705,0.6876121915739818,0.012860404649601058,0.6271153562098725,0.00960531835825651,0.6958665403446131,0.0067178436368514035
random_non_ecm_programs_r3,random_non_ecm,gene_set_scores,dense_mlp,tissue_system,5,9.0,0.6714671986104285,0.006854028586344317,0.6662714088693762,0.012220790639140994,0.5911305800489123,0.00878307712415974,0.6829048241403521,0.0063096067555945
random_non_ecm_programs_r7,random_non_ecm,gene_set_scores,dense_mlp,tissue_system,5,9.0,0.6337672935036995,0.006740491550893445,0.6369558929212292,0.007843337540679505,0.5598487750092269,0.0043964492675090585,0.6536831800646252,0.0065157747007268275
random_non_ecm_programs_r1,random_non_ecm,gene_set_scores,dense_mlp,tissue_system,5,9.0,0.6386189306648289,0.005730507251198789,0.6267703809848217,0.004935189696539195,0.5534406970157458,0.0026345409734844128,0.6547660082849505,0.005404247896603466
random_non_ecm_programs_r9,random_non_ecm,gene_set_scores,dense_mlp,tissue_system,5,9.0,0.6166358975459152,0.010988786270814677,0.6212444854911869,0.019157947965225304,0.5398465128877687,0.014466747432570266,0.6328058197084604,0.010987713377906884
matrisome_pca9,matrisome_pca,pca9,extra_trees,tissue_system,5,9.0,0.972508393987258,0.0016824104591575283,0.9559313013443292,0.00653547375314578,0.9640882537095097,0.004393620334858086,0.972092101827085,0.0017075766020746026
curated_9_ecm_programs,curated_ecm,gene_set_scores,extra_trees,tissue_system,5,9.0,0.937335770855545,0.0026011487949794,0.9291484491481408,0.0038761288705953345,0.9333867449732252,0.0026733804132712587,0.9364728376695701,0.002673802736467003
random_matrisome_programs_r8,random_matrisome,gene_set_scores,extra_trees,tissue_system,5,9.0,0.8924598861714926,0.0068814311922918816,0.8823232001962399,0.005855915290195354,0.8880466818016964,0.006610412795022222,0.8919659467974057,0.006979412239819191
random_matrisome_programs_r2,random_matrisome,gene_set_scores,extra_trees,tissue_system,5,9.0,0.8858399471938293,0.002149959771035928,0.8768920243621858,0.007233553826017401,0.8778318305106076,0.006568014766699457,0.8850983751785325,0.0021678283159524982
random_matrisome_programs_r6,random_matrisome,gene_set_scores,extra_trees,tissue_system,5,9.0,0.9053467269355782,0.0046592724042636945,0.8744071974923872,0.007770945882980692,0.8790606248096708,0.006696253684159533,0.9038910211221058,0.004706466309823708
random_matrisome_programs_r5,random_matrisome,gene_set_scores,extra_trees,tissue_system,5,9.0,0.894026346642271,0.005166776083677498,0.8700631615904244,0.006928087920448971,0.8665312779866872,0.00571298690814183,0.8926428743763453,0.005460695145527617
random_matrisome_programs_r10,random_matrisome,gene_set_scores,extra_trees,tissue_system,5,9.0,0.8793205202516237,0.003772595919922047,0.8690261439503205,0.00813394093724673,0.8727854223348045,0.005250850322734506,0.8786682853706955,0.003965161418777481
random_matrisome_programs_r1,random_matrisome,gene_set_scores,extra_trees,tissue_system,5,9.0,0.8927124624069537,0.00596216261090864,0.8636650404759804,0.003852455381928892,0.8692405482908707,0.0028784668443438857,0.891560507566093,0.006010697032130751
random_matrisome_programs_r9,random_matrisome,gene_set_scores,extra_trees,tissue_system,5,9.0,0.8827063877563035,0.0026414770732911645,0.8508110486683507,0.004023859062775189,0.8494350061794551,0.004831488114539947,0.8818408994437578,0.002969185476834139
random_matrisome_programs_r3,random_matrisome,gene_set_scores,extra_trees,tissue_system,5,9.0,0.8856876403653576,0.008493513020315474,0.8489563910092255,0.005671964391193562,0.8561905364710641,0.007817189172689176,0.8824813095516462,0.00885468522016973
random_matrisome_programs_r4,random_matrisome,gene_set_scores,extra_trees,tissue_system,5,9.0,0.8873054231421331,0.0045509755335519765,0.8482146776293147,0.009268595330851078,0.8389705803541252,0.00818758732548618,0.885219765083785,0.004705082000975255
random_matrisome_programs_r7,random_matrisome,gene_set_scores,extra_trees,tissue_system,5,9.0,0.8814427148439969,0.005297491441575973,0.8456019722872264,0.005301480730953853,0.8412634242672548,0.003970479573608062,0.8805946610259202,0.005371142004462909
random_non_ecm_programs_r10,random_non_ecm,gene_set_scores,extra_trees,tissue_system,5,9.0,0.7028498373686917,0.0073087587191144965,0.6931921282069682,0.008585726328519673,0.6726436939164262,0.003041641448062397,0.6983911806138613,0.0070354115188929365
random_non_ecm_programs_r6,random_non_ecm,gene_set_scores,extra_trees,tissue_system,5,9.0,0.7357996644831382,0.008501977207480615,0.6842953408057649,0.00947092356168393,0.6586073894655293,0.008632588517407083,0.7332173498493626,0.007643470728572289
random_non_ecm_programs_r8,random_non_ecm,gene_set_scores,extra_trees,tissue_system,5,9.0,0.6923890641985987,0.009566145380336878,0.6657020479353254,0.011424572587395081,0.652227435002519,0.012088305678669828,0.6927024481355203,0.009289056418678485
random_non_ecm_programs_r4,random_non_ecm,gene_set_scores,extra_trees,tissue_system,5,9.0,0.733929050072514,0.009465147940098086,0.6632666220934856,0.012391869383848106,0.6429115364654803,0.011338053944381784,0.7300595670388762,0.008848351804164418
random_non_ecm_programs_r5,random_non_ecm,gene_set_scores,extra_trees,tissue_system,5,9.0,0.7161910574042354,0.008695127712342885,0.6612192125601967,0.007081619528565748,0.6443498955626585,0.007897427472192365,0.7152910156225389,0.008107769921212978
random_non_ecm_programs_r2,random_non_ecm,gene_set_scores,extra_trees,tissue_system,5,9.0,0.7132609227824683,0.00321724581989741,0.6511701899815389,0.009699051383221734,0.6327996174654403,0.007904670863308712,0.7096756325271947,0.0029411143451479774
random_non_ecm_programs_r3,random_non_ecm,gene_set_scores,extra_trees,tissue_system,5,9.0,0.702091546785856,0.0074436615477101835,0.6289140134227933,0.009684653664585732,0.625966505587227,0.012352963535929387,0.7014553458446541,0.007126696536265677
random_non_ecm_programs_r7,random_non_ecm,gene_set_scores,extra_trees,tissue_system,5,9.0,0.6793507083410432,0.007048216610011605,0.5950600877670833,0.009935841793611557,0.5861839540897146,0.013049136492779133,0.6814152026356721,0.007460275732958263
random_non_ecm_programs_r9,random_non_ecm,gene_set_scores,extra_trees,tissue_system,5,9.0,0.6551439342308288,0.012406034149419657,0.5881184072683718,0.016100421942948848,0.5670880851252347,0.01479314709466662,0.6572496523302366,0.012573530856166238
random_non_ecm_programs_r1,random_non_ecm,gene_set_scores,extra_trees,tissue_system,5,9.0,0.67212428758216,0.003292417213046022,0.5778333101334721,0.007426757414527584,0.5663136841230028,0.007655105348273245,0.6712103665913508,0.002963413740906553
matrisome_pca9,matrisome_pca,pca9,ft_transformer_lite,tissue_system,5,9.0,0.9665451353439061,0.0038855735530652635,0.9722247798109065,0.004338925433407462,0.9502444037537486,0.0028667736505208425,0.9677278814950452,0.0037231513993890193
curated_9_ecm_programs,curated_ecm,gene_set_scores,ft_transformer_lite,tissue_system,5,9.0,0.9411763496495871,0.00820708802878173,0.9545005810645885,0.003876129368988226,0.9303102761597323,0.01152054339600335,0.9416251724577954,0.00765735867811934
random_matrisome_programs_r8,random_matrisome,gene_set_scores,ft_transformer_lite,tissue_system,5,9.0,0.8808871084215959,0.011994473608146709,0.9051080237951432,0.008138721027321097,0.863308109384411,0.012430866903292422,0.8829989798754759,0.011349163181255211
random_matrisome_programs_r6,random_matrisome,gene_set_scores,ft_transformer_lite,tissue_system,5,9.0,0.8950880121998702,0.009456110042202067,0.8994549632960915,0.007441889676530656,0.8638200930117957,0.012951974186098966,0.8956812675830692,0.010087118034159969
random_matrisome_programs_r10,random_matrisome,gene_set_scores,ft_transformer_lite,tissue_system,5,9.0,0.8612796250955987,0.0009630958286736691,0.8983992999425059,0.007197505577509854,0.8480480644798938,0.0026911617232522897,0.8625051629724542,0.001980436070982723
random_matrisome_programs_r2,random_matrisome,gene_set_scores,ft_transformer_lite,tissue_system,5,9.0,0.864817518490524,0.0058588619339950436,0.8959633406386605,0.0032824964447347293,0.8451750661184804,0.007105823277057523,0.8672003497110283,0.00594344138442718
random_matrisome_programs_r5,random_matrisome,gene_set_scores,ft_transformer_lite,tissue_system,5,9.0,0.8766420296612025,0.012153809709360166,0.8948554512732525,0.011591253230180835,0.8466581111623451,0.015197585419646411,0.8802716233256541,0.011192814315427601
random_matrisome_programs_r4,random_matrisome,gene_set_scores,ft_transformer_lite,tissue_system,5,9.0,0.8752781511915039,0.00526747456640191,0.8908641528460542,0.010054838579526866,0.8340094864778352,0.010294407848257369,0.8795644282342661,0.004374348289162241
random_matrisome_programs_r1,random_matrisome,gene_set_scores,ft_transformer_lite,tissue_system,5,9.0,0.8749232879017912,0.009210854762441316,0.8893585281956332,0.004220044302215779,0.8403583641844495,0.0051447381788034575,0.8753945771742551,0.009075491305793063
random_matrisome_programs_r3,random_matrisome,gene_set_scores,ft_transformer_lite,tissue_system,5,9.0,0.8688603344978223,0.009443935271045307,0.8780563306017845,0.01125769835689261,0.8339289579599782,0.01088782203903941,0.8713222957391492,0.009286582566609285
random_matrisome_programs_r9,random_matrisome,gene_set_scores,ft_transformer_lite,tissue_system,5,9.0,0.8634534229321957,0.007673854787706499,0.8776717241435186,0.004265177067926146,0.8240423729992976,0.008435657924753388,0.8692761572306102,0.007459805296568362
random_matrisome_programs_r7,random_matrisome,gene_set_scores,ft_transformer_lite,tissue_system,5,9.0,0.8626431332376356,0.008621162686468446,0.8670184844351188,0.005405259580555143,0.8172237227029671,0.007272577753750907,0.8665924702971116,0.008504532389138633
random_non_ecm_programs_r6,random_non_ecm,gene_set_scores,ft_transformer_lite,tissue_system,5,9.0,0.6798058027279869,0.010421442248916658,0.7015053285833156,0.01217850661730658,0.6291698784627525,0.009624360311574712,0.6934519184438542,0.010094517582539264
random_non_ecm_programs_r4,random_non_ecm,gene_set_scores,ft_transformer_lite,tissue_system,5,9.0,0.6833935754280189,0.00822113848733634,0.6987939518729464,0.010173552772248143,0.6194107941767414,0.009331654476713244,0.6962416275170308,0.007999358347280853
random_non_ecm_programs_r10,random_non_ecm,gene_set_scores,ft_transformer_lite,tissue_system,5,9.0,0.652566951729577,0.005479980908726481,0.6957284005122193,0.008419597570703109,0.6100048840325684,0.0063808397947851606,0.6547700385455733,0.008031952046643472
random_non_ecm_programs_r5,random_non_ecm,gene_set_scores,ft_transformer_lite,tissue_system,5,9.0,0.6652002202044899,0.011142521882826363,0.6861805307954869,0.010722341123436922,0.5998165705551918,0.01210430576077875,0.6766627032686247,0.00882586512237006
random_non_ecm_programs_r8,random_non_ecm,gene_set_scores,ft_transformer_lite,tissue_system,5,9.0,0.6365978610640434,0.006952569786166073,0.6833818871925357,0.007335976393626748,0.5930196887292093,0.004888198935276719,0.6489319704259071,0.004995811895016465
random_non_ecm_programs_r2,random_non_ecm,gene_set_scores,ft_transformer_lite,tissue_system,5,9.0,0.6670208786904908,0.008634333265674036,0.6738174331426219,0.015207900225038918,0.6119239239646389,0.012687559012565824,0.6763251720438815,0.009394100792848841
random_non_ecm_programs_r3,random_non_ecm,gene_set_scores,ft_transformer_lite,tissue_system,5,9.0,0.6421571943874161,0.01532672241118922,0.6488903688676798,0.008086934365892291,0.5717791457191316,0.008371054066825307,0.6520363543251805,0.011237803007426724
random_non_ecm_programs_r7,random_non_ecm,gene_set_scores,ft_transformer_lite,tissue_system,5,9.0,0.6150183446276886,0.016826739214565654,0.6256489400238842,0.008318032474736937,0.5447791487394288,0.012813716733485908,0.6328343559221639,0.015292892594741446
random_non_ecm_programs_r9,random_non_ecm,gene_set_scores,ft_transformer_lite,tissue_system,5,9.0,0.6005636642415313,0.022275661245967623,0.6202729727767353,0.019632035891824554,0.533130716359205,0.01886844921798899,0.618056740111958,0.01945837586225091
random_non_ecm_programs_r1,random_non_ecm,gene_set_scores,ft_transformer_lite,tissue_system,5,9.0,0.613604127135785,0.004846013050294332,0.6077219740330635,0.007075517626685144,0.5363990424989267,0.002966796000807982,0.6327938193366619,0.003696561590138233
matrisome_pca9,matrisome_pca,pca9,logistic_regression,tissue_system,5,9.0,0.9200017673568425,0.004359262897185417,0.9129635125754337,0.004927559000621109,0.8832381415703532,0.003720314132091961,0.9274751816871575,0.003823990806924751
curated_9_ecm_programs,curated_ecm,gene_set_scores,logistic_regression,tissue_system,5,9.0,0.8432884176958902,0.0052123590780672885,0.887273856280863,0.007843220332959857,0.8422935268625829,0.004888976477646449,0.8434425663498043,0.005260890124896875
random_matrisome_programs_r1,random_matrisome,gene_set_scores,logistic_regression,tissue_system,5,9.0,0.7281173576023097,0.00879946631420182,0.7792080830475006,0.004003599142707346,0.6933578205466354,0.006300947162477224,0.7272324903484767,0.008760712685451866
random_matrisome_programs_r6,random_matrisome,gene_set_scores,logistic_regression,tissue_system,5,9.0,0.7482817498824847,0.0068447612721587985,0.7781127112278129,0.00962279268739916,0.7083718960853332,0.008425492955537097,0.7452891086005755,0.006698132907412384
random_matrisome_programs_r8,random_matrisome,gene_set_scores,logistic_regression,tissue_system,5,9.0,0.6972399479344847,0.006758487829575421,0.7720186836790333,0.003576359545872247,0.6970254045623225,0.0042934908299289,0.700773102076504,0.005162310364955633
random_matrisome_programs_r7,random_matrisome,gene_set_scores,logistic_regression,tissue_system,5,9.0,0.7472203780330313,0.005643051358734089,0.7704999515402079,0.00472800668489652,0.7000535084491758,0.006256183481539935,0.7511807193068106,0.0056194313183346774
random_matrisome_programs_r4,random_matrisome,gene_set_scores,logistic_regression,tissue_system,5,9.0,0.7095208432539645,0.006774636130477298,0.768089207472177,0.006641271034635123,0.6869016157530063,0.0077520931448790496,0.7115006955667192,0.006576165001439611
random_matrisome_programs_r2,random_matrisome,gene_set_scores,logistic_regression,tissue_system,5,9.0,0.688446964545468,0.006015908245905682,0.7669421000992023,0.002122553978163848,0.6892583684969413,0.002227591077741748,0.682511867623272,0.006120878380104726
random_matrisome_programs_r10,random_matrisome,gene_set_scores,logistic_regression,tissue_system,5,9.0,0.69309618571447,0.009635823210432992,0.7598461744693377,0.005783596104317685,0.6895721754800167,0.0057879925354040376,0.6968234756972844,0.009727701022049062
random_matrisome_programs_r5,random_matrisome,gene_set_scores,logistic_regression,tissue_system,5,9.0,0.6864754677717244,0.0106960241265695,0.754021149108409,0.00561024658424905,0.6745925006219696,0.004323642780645237,0.6864732069617634,0.012398324208180486
random_matrisome_programs_r3,random_matrisome,gene_set_scores,logistic_regression,tissue_system,5,9.0,0.7051741159352887,0.013412064641831364,0.7392802284903658,0.009404834000157503,0.6837889097667195,0.007620192099067461,0.7223248321540412,0.013685547740399803
random_matrisome_programs_r9,random_matrisome,gene_set_scores,logistic_regression,tissue_system,5,9.0,0.6591872099552248,0.005073580508550128,0.723557111808138,0.006549399873980584,0.6376440133347556,0.0050102376171646664,0.6577716724099552,0.00522775738555615
random_non_ecm_programs_r5,random_non_ecm,gene_set_scores,logistic_regression,tissue_system,5,9.0,0.5705474451669239,0.008880682775426455,0.596102898686328,0.009034051034738325,0.5122427559335428,0.008218314288715821,0.5787224866349492,0.007434550884474303
random_non_ecm_programs_r10,random_non_ecm,gene_set_scores,logistic_regression,tissue_system,5,9.0,0.553667859249438,0.013183664852992725,0.5952294175444759,0.010492770422141182,0.5061433992954758,0.012386318259433631,0.5544180729353665,0.01292687763320134
random_non_ecm_programs_r4,random_non_ecm,gene_set_scores,logistic_regression,tissue_system,5,9.0,0.5665040672831728,0.007914366702700973,0.5887718007397507,0.005261409175716408,0.5072826153965301,0.0073457486607783114,0.5769664712079244,0.008168503770632782
random_non_ecm_programs_r8,random_non_ecm,gene_set_scores,logistic_regression,tissue_system,5,9.0,0.5169288522664628,0.006742198833195017,0.5816966533500011,0.005840380704982191,0.4880654967125353,0.005217269649657842,0.525513154230158,0.008027751445048071
random_non_ecm_programs_r6,random_non_ecm,gene_set_scores,logistic_regression,tissue_system,5,9.0,0.5363348262646083,0.0073726272959519215,0.5774866145758069,0.00615090630305271,0.5024145781419262,0.007704983485938024,0.5423308932722761,0.008335716709198016
random_non_ecm_programs_r2,random_non_ecm,gene_set_scores,logistic_regression,tissue_system,5,9.0,0.5367393134610403,0.00365145973893419,0.5427003310727642,0.012280810509402888,0.48223713827007375,0.006123771830352798,0.5512728597136186,0.003826889559965146
random_non_ecm_programs_r3,random_non_ecm,gene_set_scores,logistic_regression,tissue_system,5,9.0,0.5157664958945347,0.006508375862752334,0.5366005484019265,0.01434581215205669,0.46114931710196494,0.008468498113182793,0.5284129728400556,0.0069919267967517434
random_non_ecm_programs_r7,random_non_ecm,gene_set_scores,logistic_regression,tissue_system,5,9.0,0.5005048459928568,0.008564090166398471,0.5359875479360231,0.007735821249347253,0.453034255393279,0.0050241192018092235,0.5137448712676141,0.01024247793979745
random_non_ecm_programs_r9,random_non_ecm,gene_set_scores,logistic_regression,tissue_system,5,9.0,0.5110663993667142,0.00964130111779272,0.5188468758883199,0.017852142285466964,0.4484003678052525,0.010799694897757959,0.5250762770672687,0.009819736438072543
random_non_ecm_programs_r1,random_non_ecm,gene_set_scores,logistic_regression,tissue_system,5,9.0,0.5115218640813198,0.006418911627034096,0.4963751618879722,0.007874690723283876,0.4320828417545637,0.0043035926755344844,0.5260466109444264,0.007416220540834503
matrisome_pca9,matrisome_pca,pca9,residual_mlp,tissue_system,5,9.0,0.9759448303726914,0.0019027214510814955,0.9777337641948687,0.0035068116369811114,0.9646108903159722,0.0031362350619041314,0.9763679157017264,0.0018544742503654038
curated_9_ecm_programs,curated_ecm,gene_set_scores,residual_mlp,tissue_system,5,9.0,0.9524960148274089,0.006777489552414031,0.9609422495577113,0.0031159473444199283,0.9482055865918652,0.008651275488805937,0.9525046934646266,0.006625941833444896
random_matrisome_programs_r8,random_matrisome,gene_set_scores,residual_mlp,tissue_system,5,9.0,0.9021630966441547,0.005457349498170817,0.9168987877529515,0.003592801612198017,0.8872495973052604,0.006587794343318004,0.903032006964753,0.005386252569089499
random_matrisome_programs_r6,random_matrisome,gene_set_scores,residual_mlp,tissue_system,5,9.0,0.91540340877674,0.005408455871766908,0.9159218708520085,0.004799996155907739,0.8890480999532139,0.009606909064554725,0.9165116275960035,0.005870834126813088
random_matrisome_programs_r5,random_matrisome,gene_set_scores,residual_mlp,tissue_system,5,9.0,0.9030722382846526,0.004350571731281955,0.9134238491640747,0.004941271781442652,0.8741075183152379,0.005706541979807742,0.9045627263588611,0.0046788852567444614
random_matrisome_programs_r10,random_matrisome,gene_set_scores,residual_mlp,tissue_system,5,9.0,0.8889226312725365,0.006647378481998212,0.9111539733105849,0.006773690071155095,0.8764824295664303,0.00607780613093121,0.8900100871790249,0.007113124319922283
random_matrisome_programs_r1,random_matrisome,gene_set_scores,residual_mlp,tissue_system,5,9.0,0.8975127389523276,0.007423886096675941,0.9052469223306752,0.006075899615525809,0.8642485659632154,0.00996137663689796,0.8986905947361905,0.007471408328259805
random_matrisome_programs_r2,random_matrisome,gene_set_scores,residual_mlp,tissue_system,5,9.0,0.8889732512329676,0.0025740049133359815,0.9051650011324025,0.009348867848846911,0.8689732241363917,0.005278268068354671,0.8907456215589414,0.0028093135545071246
random_matrisome_programs_r4,random_matrisome,gene_set_scores,residual_mlp,tissue_system,5,9.0,0.8937233292252504,0.002821627257914317,0.9047345472212152,0.008312823392584474,0.8574942339906272,0.0016402573261632453,0.8958462300263503,0.003247378390609009
random_matrisome_programs_r3,random_matrisome,gene_set_scores,residual_mlp,tissue_system,5,9.0,0.8835153749190866,0.0032790063675133345,0.8959886939375243,0.0031933185345620944,0.8536033266512204,0.009576652833498985,0.8860625846881858,0.003634191158093459
random_matrisome_programs_r9,random_matrisome,gene_set_scores,residual_mlp,tissue_system,5,9.0,0.8837679383846282,0.005290955243765294,0.8886860556785001,0.00348263118607115,0.8456378863700225,0.006544440534189575,0.8864120162826747,0.004580016260093279
random_matrisome_programs_r7,random_matrisome,gene_set_scores,residual_mlp,tissue_system,5,9.0,0.8807855875625071,0.007340197503732558,0.8781613517316826,0.005384278416253271,0.8396401451044687,0.004802046929412005,0.8831991117160104,0.00733131054588136
random_non_ecm_programs_r6,random_non_ecm,gene_set_scores,residual_mlp,tissue_system,5,9.0,0.6997176060027815,0.011607493625502743,0.7136419899002264,0.012138084206929583,0.6411724442870937,0.014310878125855842,0.7113127389384291,0.010422941186281506
random_non_ecm_programs_r4,random_non_ecm,gene_set_scores,residual_mlp,tissue_system,5,9.0,0.6935515354998012,0.006743005565733068,0.7007126635621711,0.012842492334608687,0.6222928744355616,0.00859455807824997,0.7053989261948116,0.00759185172666001
random_non_ecm_programs_r10,random_non_ecm,gene_set_scores,residual_mlp,tissue_system,5,9.0,0.6674743512976729,0.009166469523639247,0.6973667870189664,0.004823791473526965,0.6206775733793618,0.007712508538036319,0.6702255706290815,0.008144815953184564
random_non_ecm_programs_r8,random_non_ecm,gene_set_scores,residual_mlp,tissue_system,5,9.0,0.6562059445762513,0.006675381892977513,0.6960891953203804,0.008989736097854901,0.6080060535111864,0.008132967861630846,0.6652828046709303,0.007963669299124067
random_non_ecm_programs_r5,random_non_ecm,gene_set_scores,residual_mlp,tissue_system,5,9.0,0.6790467331800688,0.011353020502191388,0.6841687664484437,0.015001019180333287,0.607650282049808,0.013231692783249814,0.6893585439622535,0.00920760781267544
random_non_ecm_programs_r2,random_non_ecm,gene_set_scores,residual_mlp,tissue_system,5,9.0,0.6798560140509977,0.005516674318696186,0.6810553466823089,0.00714043999672774,0.6216979610790478,0.005774827426640303,0.689993377213697,0.005310706455308264
random_non_ecm_programs_r3,random_non_ecm,gene_set_scores,residual_mlp,tissue_system,5,9.0,0.6627237497386955,0.013026064520538517,0.6580594777400984,0.0140031419551562,0.5828423735868379,0.014402373375223754,0.6745336929077796,0.011412831673364566
random_non_ecm_programs_r7,random_non_ecm,gene_set_scores,residual_mlp,tissue_system,5,9.0,0.6249233836761865,0.009255922729760578,0.6274298640121186,0.011335121291362668,0.5518859314045341,0.006576758237611079,0.6461117810695247,0.007676776486688126
random_non_ecm_programs_r9,random_non_ecm,gene_set_scores,residual_mlp,tissue_system,5,9.0,0.612744264614183,0.009875286209915225,0.6168699772876647,0.020688230287117502,0.538019500060935,0.015601852624773664,0.6304239114354354,0.010528417679440396
random_non_ecm_programs_r1,random_non_ecm,gene_set_scores,residual_mlp,tissue_system,5,9.0,0.6266928603253035,0.0034234371599099556,0.6164371337354628,0.007008026047992346,0.544690104735385,0.004697060448190876,0.6467523712459495,0.005037132422722202
matrisome_pca9,matrisome_pca,pca9,tabicl,tissue_system,5,9.0,0.9819079868566881,0.001976421065855277,0.9752051875052914,0.004130359587770434,0.978394938566779,0.003318390798021941,0.9817670278442453,0.002005447894819914
curated_9_ecm_programs,curated_ecm,gene_set_scores,tabicl,tissue_system,5,9.0,0.9659388706513157,0.00409462433404707,0.9665296009990092,0.0030900119139369666,0.9674575642867687,0.0030648967778649037,0.9657240870527465,0.00414123625525811
random_matrisome_programs_r8,random_matrisome,gene_set_scores,tabicl,tissue_system,5,9.0,0.9221244088963942,0.004768014124585917,0.9133464908808782,0.0030367446868146747,0.918678308406663,0.0034498385086909247,0.9218068789249123,0.004678593388483574
random_matrisome_programs_r10,random_matrisome,gene_set_scores,tabicl,tissue_system,5,9.0,0.9171718510623871,0.0036355981557153775,0.9131815361770073,0.007379079161822469,0.9202048051675119,0.005074310806303288,0.9171218326014785,0.003606182465936177
random_matrisome_programs_r6,random_matrisome,gene_set_scores,tabicl,tissue_system,5,9.0,0.935364529480189,0.003588234983078848,0.9089863901780049,0.005543061263381922,0.9177748411799651,0.004840590227449575,0.9343029641596401,0.0035270136596133967
random_matrisome_programs_r5,random_matrisome,gene_set_scores,tabicl,tissue_system,5,9.0,0.9281380065619509,0.0029208331077980225,0.9079410270972191,0.004993586610774088,0.9136178940575246,0.00319790177049327,0.9277614850729158,0.003088914763345106
random_matrisome_programs_r2,random_matrisome,gene_set_scores,tabicl,tissue_system,5,9.0,0.914746204875734,0.0028103695509209127,0.9027784826053477,0.005731876380009891,0.91145243787156,0.005013484372446743,0.9146096316830683,0.002875511583782188
random_matrisome_programs_r1,random_matrisome,gene_set_scores,tabicl,tissue_system,5,9.0,0.9204564147966078,0.003815655237739689,0.8981325777937652,0.005017679457786554,0.9068199196324755,0.0022852594801276356,0.9198461314324995,0.0038320987378705775
random_matrisome_programs_r4,random_matrisome,gene_set_scores,tabicl,tissue_system,5,9.0,0.9224784166015081,0.0032612911158619697,0.894454211230588,0.008672555846348864,0.9014654746661346,0.006535312404139134,0.9217473387884658,0.003255123796788658
random_matrisome_programs_r3,random_matrisome,gene_set_scores,tabicl,tissue_system,5,9.0,0.9147459111675882,0.0058508728934474966,0.8928912014024839,0.004619206678817126,0.9036108426091364,0.0023468238241998625,0.9134362768148486,0.005939076321500497
random_matrisome_programs_r9,random_matrisome,gene_set_scores,tabicl,tissue_system,5,9.0,0.9141396464749978,0.0027166475192160152,0.8801033733864203,0.005504719024813334,0.8903011889605977,0.0032260067046526934,0.9134916608816077,0.0027964656277149657
random_matrisome_programs_r7,random_matrisome,gene_set_scores,tabicl,tissue_system,5,9.0,0.9125222851055618,0.004199453411405634,0.8793691029206825,0.004694806567923546,0.8891784121711426,0.005373997925830902,0.9123576512705298,0.00400794323336159
random_non_ecm_programs_r6,random_non_ecm,gene_set_scores,tabicl,tissue_system,5,9.0,0.7643519272298482,0.003132876788428054,0.6876153731986815,0.006949732906511202,0.6979449509288205,0.005561212975097562,0.7613977335297241,0.0035812853850768715
random_non_ecm_programs_r10,random_non_ecm,gene_set_scores,tabicl,tissue_system,5,9.0,0.727258708223049,0.003726028782686972,0.6850830231968261,0.003877326847502964,0.6998051557350756,0.00290152077192066,0.7253079200030002,0.0038879843424494266
random_non_ecm_programs_r8,random_non_ecm,gene_set_scores,tabicl,tissue_system,5,9.0,0.7178082910744777,0.00843470017385451,0.6755869502038593,0.007079636417065844,0.6874645772453233,0.007460796590992651,0.7180734093836058,0.008022431063475673
random_non_ecm_programs_r4,random_non_ecm,gene_set_scores,tabicl,tissue_system,5,9.0,0.7589439429909935,0.010138491653368215,0.6688027917086854,0.011783094171712439,0.679988764954324,0.012276909004122235,0.7551213339800465,0.010568144920732131
random_non_ecm_programs_r2,random_non_ecm,gene_set_scores,tabicl,tissue_system,5,9.0,0.7428241545068301,0.004329002022923549,0.6640845761425426,0.009209355757516193,0.6779675593747141,0.008048350827275449,0.7401056753218007,0.004187932862751019
random_non_ecm_programs_r5,random_non_ecm,gene_set_scores,tabicl,tissue_system,5,9.0,0.7413581422219124,0.006998013706119974,0.6614174039522658,0.005885928114773886,0.6761931906215441,0.00839817178549502,0.7379446143756085,0.007055462182608595
random_non_ecm_programs_r3,random_non_ecm,gene_set_scores,tabicl,tissue_system,5,9.0,0.7300380684066703,0.008762480053767074,0.6273524998190142,0.00989463455951587,0.648592327435367,0.013636767342716842,0.726878032052628,0.008748294029439038
random_non_ecm_programs_r7,random_non_ecm,gene_set_scores,tabicl,tissue_system,5,9.0,0.710328974832149,0.008848899855394339,0.5907233655594929,0.008209373161516419,0.6082813171523478,0.010579519207520375,0.7066362810361191,0.008924979666759713
random_non_ecm_programs_r1,random_non_ecm,gene_set_scores,tabicl,tissue_system,5,9.0,0.705275892192765,0.004374598055662049,0.585616908747882,0.006256833988106661,0.6004768726439224,0.005415651510885687,0.6982202174906813,0.003761754725204171
random_non_ecm_programs_r9,random_non_ecm,gene_set_scores,tabicl,tissue_system,5,9.0,0.6822811749807143,0.013677574788272022,0.5802629153026735,0.019366887633217447,0.5916263185148629,0.020769677012725005,0.6795551998070037,0.013780026815871241
matrisome_pca9,matrisome_pca,pca9,tabnet,tissue_system,5,9.0,0.9749847495237779,0.0015752893891936644,0.9736487938135634,0.0027811635216115375,0.9668632756192099,0.003081614530536095,0.9751992367484409,0.0016102030313279506
curated_9_ecm_programs,curated_ecm,gene_set_scores,tabnet,tissue_system,5,9.0,0.9482009929123117,0.0015388764385400942,0.9504530587934117,0.005231416718245412,0.9450034536351335,0.002503471040614351,0.9482363394404525,0.00187693621946681
random_matrisome_programs_r6,random_matrisome,gene_set_scores,tabnet,tissue_system,5,9.0,0.9132299557279666,0.004787961152830429,0.9032660431581601,0.004587752432755649,0.8888499822212778,0.008799005177113206,0.9138207972476357,0.004644030856240824
random_matrisome_programs_r8,random_matrisome,gene_set_scores,tabnet,tissue_system,5,9.0,0.8953911445461653,0.004391033861569844,0.896553235738768,0.003740825584088528,0.8828765974738388,0.0023341297355271825,0.8957431882109794,0.004334055049044872
random_matrisome_programs_r5,random_matrisome,gene_set_scores,tabnet,tissue_system,5,9.0,0.8980187342379289,0.006130220015856578,0.8961318701318799,0.006496790074938931,0.8726745020833834,0.006558588597439491,0.8992156794022765,0.006317451740827751
random_matrisome_programs_r10,random_matrisome,gene_set_scores,tabnet,tissue_system,5,9.0,0.8857895954017053,0.00596605478198643,0.8946028134252417,0.007339868426156455,0.8804650441424654,0.00601781090185176,0.885675087944399,0.006132348321296369
random_matrisome_programs_r2,random_matrisome,gene_set_scores,tabnet,tissue_system,5,9.0,0.8873558387838543,0.004479127479390847,0.8906184279334128,0.007139832999228339,0.8734545184133864,0.009962054173413955,0.8876212498518747,0.0043320767840912345
random_matrisome_programs_r4,random_matrisome,gene_set_scores,tabnet,tissue_system,5,9.0,0.8948358318319102,0.007190514094290544,0.8878143750573104,0.009330806438308109,0.8646650140072086,0.010754245495321568,0.8959374066176882,0.007486373768053309
random_matrisome_programs_r1,random_matrisome,gene_set_scores,tabnet,tissue_system,5,9.0,0.8928640413500204,0.005413546600357616,0.8868568343860549,0.005828674484892268,0.8688717452968977,0.00522486802021209,0.8929576642048614,0.005507225530738077
random_matrisome_programs_r9,random_matrisome,gene_set_scores,tabnet,tissue_system,5,9.0,0.8850816566109938,0.0031328044971596306,0.8735125420741771,0.008572134182730817,0.851821468073816,0.007219718885563895,0.8864602316450577,0.00345888564258257
random_matrisome_programs_r3,random_matrisome,gene_set_scores,tabnet,tissue_system,5,9.0,0.8837174078136327,0.01119176726411939,0.8719230670427309,0.01185786920043315,0.8565081972269422,0.009696095150660236,0.8842600548964882,0.01123979632065358
random_matrisome_programs_r7,random_matrisome,gene_set_scores,tabnet,tissue_system,5,9.0,0.8776024552979396,0.00458149066291978,0.8635817417714098,0.005009137070679433,0.84294993247289,0.006083586089684558,0.8780324066289292,0.004534778241538245
random_non_ecm_programs_r6,random_non_ecm,gene_set_scores,tabnet,tissue_system,5,9.0,0.7080548692788047,0.0054438616598257794,0.6867801652241738,0.009155413316671343,0.6452009452802343,0.004381364815103714,0.7157082507831041,0.004914226614213601
random_non_ecm_programs_r10,random_non_ecm,gene_set_scores,tabnet,tissue_system,5,9.0,0.6758127383266016,0.010848262406913374,0.6728468771337309,0.0063595623044700195,0.6252631038554632,0.011053774316897573,0.675419916330967,0.009671330016662606
random_non_ecm_programs_r4,random_non_ecm,gene_set_scores,tabnet,tissue_system,5,9.0,0.7050222560539953,0.016260060487311333,0.6683331790866776,0.019114961992762088,0.6268872916668335,0.017994197655634515,0.7108780693394985,0.01568923451758548
random_non_ecm_programs_r8,random_non_ecm,gene_set_scores,tabnet,tissue_system,5,9.0,0.6601980001540052,0.006508486527300165,0.6620755853942628,0.009803140099769698,0.6086943429491714,0.007629546966091269,0.6644376776743536,0.006069840848327344
random_non_ecm_programs_r5,random_non_ecm,gene_set_scores,tabnet,tissue_system,5,9.0,0.6802597733620248,0.011897305486955627,0.6575666333712695,0.010260341797680395,0.6106768168917316,0.011868281737517175,0.686273058774063,0.011415906415244816
random_non_ecm_programs_r2,random_non_ecm,gene_set_scores,tabnet,tissue_system,5,9.0,0.6811703452334935,0.003005974140594308,0.6499169093866649,0.010853370000020181,0.613140426610061,0.0040057148493193116,0.6876604364340015,0.004001681861580051
random_non_ecm_programs_r3,random_non_ecm,gene_set_scores,tabnet,tissue_system,5,9.0,0.6694957912261204,0.00998682877290147,0.6229635499127978,0.0058424645317860565,0.5816759351469658,0.012374156374333213,0.6775026165397,0.008860238710055575
random_non_ecm_programs_r7,random_non_ecm,gene_set_scores,tabnet,tissue_system,5,9.0,0.6457946931535227,0.013902599534715874,0.595520521304926,0.010126288978753529,0.5539526709719388,0.011961664365685626,0.6578890512608713,0.013049525186373841
random_non_ecm_programs_r9,random_non_ecm,gene_set_scores,tabnet,tissue_system,5,9.0,0.6180501022678995,0.01273817825481067,0.5864122456658551,0.014575784249920103,0.5364463525486685,0.01107890510632192,0.629736240466696,0.01183204794673655
random_non_ecm_programs_r1,random_non_ecm,gene_set_scores,tabnet,tissue_system,5,9.0,0.6325044761759914,0.002992027145375104,0.5762040639114843,0.004046386465072724,0.5342400978632321,0.0028640813442610395,0.6462427835303508,0.0037451586779307074
matrisome_pca9,matrisome_pca,pca9,xgboost,tissue_system,5,9.0,0.9714472009166759,0.0013960535152990688,0.9623867105014157,0.006420686733060861,0.9605894869273051,0.003947259501966273,0.9714646434347323,0.00142160326876285
curated_9_ecm_programs,curated_ecm,gene_set_scores,xgboost,tissue_system,5,9.0,0.9323830214727471,0.00466945027240505,0.935235465115053,0.008705418909650068,0.926900061276395,0.005803585467020709,0.932200562876813,0.004676428632725494
random_matrisome_programs_r8,random_matrisome,gene_set_scores,xgboost,tissue_system,5,9.0,0.8701232284450466,0.00792410625151403,0.8798424167162509,0.007780246760614998,0.8607274621101093,0.006823488801425282,0.8708660157370234,0.00803905396470166
random_matrisome_programs_r10,random_matrisome,gene_set_scores,xgboost,tissue_system,5,9.0,0.8565794774881006,0.00412322507513859,0.8717301788007703,0.008391853763585358,0.8506934194222702,0.0032745051320403696,0.8563803140903807,0.004412280764066374
random_matrisome_programs_r1,random_matrisome,gene_set_scores,xgboost,tissue_system,5,9.0,0.8763893768062253,0.005606710205491208,0.8700250429657744,0.0060774818212893395,0.8502163051585366,0.004559370275098738,0.8766640075617133,0.005830810935077153
random_matrisome_programs_r6,random_matrisome,gene_set_scores,xgboost,tissue_system,5,9.0,0.8824032171002502,0.0038617305483532056,0.8699521625289887,0.004474570616389807,0.8492610202658766,0.005357801888400406,0.8827117247510889,0.0042242447477027845
random_matrisome_programs_r4,random_matrisome,gene_set_scores,xgboost,tissue_system,5,9.0,0.8700222694624106,0.004554090578327826,0.8686332070534896,0.01157154225860807,0.8345220233462477,0.004546255650296219,0.8712404921640273,0.005004354469755042
random_matrisome_programs_r5,random_matrisome,gene_set_scores,xgboost,tissue_system,5,9.0,0.8632499214969206,0.005193482748748345,0.8665899923429073,0.004822458227679147,0.8357168701052966,0.0033536655097297194,0.8645513150269416,0.005522914400223647
random_matrisome_programs_r2,random_matrisome,gene_set_scores,xgboost,tissue_system,5,9.0,0.850363783078401,0.0014667593027299195,0.864974167436368,0.00666132510495133,0.8452395539569272,0.0066077062173591885,0.8497658158706234,0.0013863033832744085
random_matrisome_programs_r3,random_matrisome,gene_set_scores,xgboost,tissue_system,5,9.0,0.862289802338249,0.008117187924255564,0.8571570284949619,0.006234226632710407,0.833086433640789,0.0049013890857076865,0.8625658602320115,0.008456604769197202
random_matrisome_programs_r9,random_matrisome,gene_set_scores,xgboost,tissue_system,5,9.0,0.8577419487893032,0.0036098058639533978,0.8560594591764188,0.006427937362328983,0.8222600692756259,0.005481455676911404,0.8597374616443085,0.003990922762804012
random_matrisome_programs_r7,random_matrisome,gene_set_scores,xgboost,tissue_system,5,9.0,0.8590050215153987,0.005183315257950518,0.845463869189359,0.003602143362463553,0.8158935716247548,0.005430883186592387,0.8601046046421004,0.004819254286986856
random_non_ecm_programs_r6,random_non_ecm,gene_set_scores,xgboost,tissue_system,5,9.0,0.7094704914618404,0.00783691735211038,0.7078147631208331,0.0135692320369913,0.6547561267112901,0.011154570175090464,0.7154239306992985,0.007124237416911123
random_non_ecm_programs_r10,random_non_ecm,gene_set_scores,xgboost,tissue_system,5,9.0,0.6809168751036756,0.00897889488635161,0.6969978416311463,0.009040769419490913,0.6411351771914356,0.011212544938492778,0.6789067240487935,0.00858786856102371
random_non_ecm_programs_r4,random_non_ecm,gene_set_scores,xgboost,tissue_system,5,9.0,0.7073471348068032,0.009922476349960324,0.6908987685919918,0.014749999048155861,0.6344652956396759,0.010819006891692854,0.713157663138056,0.01001197898838034
random_non_ecm_programs_r8,random_non_ecm,gene_set_scores,xgboost,tissue_system,5,9.0,0.6584288938325503,0.006547093369368401,0.6777581120662063,0.0013182053554756626,0.6132105872426978,0.0037191373635926945,0.6627547711555462,0.006988085156883772
random_non_ecm_programs_r5,random_non_ecm,gene_set_scores,xgboost,tissue_system,5,9.0,0.6799565771661327,0.011118747112249463,0.6697542551391715,0.009583442036021668,0.6132476358845995,0.008339940890971356,0.6867595361278971,0.01063211110428664
random_non_ecm_programs_r2,random_non_ecm,gene_set_scores,xgboost,tissue_system,5,9.0,0.685061390748934,0.0035126183335458354,0.6640684724481376,0.005764940681370625,0.6216516528117946,0.002108715153109331,0.6893458166897581,0.003760997794025414
random_non_ecm_programs_r3,random_non_ecm,gene_set_scores,xgboost,tissue_system,5,9.0,0.6744990584099944,0.007775682513720394,0.652756684064264,0.015311371401439419,0.5980024342572128,0.010939251613003537,0.6817343213106575,0.0078025531615880436
random_non_ecm_programs_r7,random_non_ecm,gene_set_scores,xgboost,tissue_system,5,9.0,0.6458459899196811,0.006958553343961371,0.6247884189362247,0.00993001084408537,0.5668629846274796,0.007596193281549456,0.6588337624642481,0.006583842390634194
random_non_ecm_programs_r9,random_non_ecm,gene_set_scores,xgboost,tissue_system,5,9.0,0.6275008131246166,0.010474854371120494,0.6103146789882483,0.018982234316985695,0.5513285890982835,0.014491591965981472,0.6397446591247343,0.010048928209621725
random_non_ecm_programs_r1,random_non_ecm,gene_set_scores,xgboost,tissue_system,5,9.0,0.6398820161608437,0.007809676690063982,0.6046710170039907,0.004946599213850825,0.5514013809206499,0.0050620068041914825,0.6511655045599534,0.008038909292495323
